sector,rank,ticker,name,current,change_abs,change_sign,change_pct,volume,is_fund_like
종합(KOSPI),1,000660.KS,SK하이닉스,2601000,▲,46000,1.8,5988228,False
종합(KOSPI),2,005930.KS,삼성전자,329250,▲,19250,6.21,39885278,False
종합(KOSPI),3,402340.KS,SK스퀘어,1714000,▼,-118000,-6.44,2312855,False
종합(KOSPI),4,0193T0.KS,KODEX SK하이닉스단일종목레버리지,33715,▲,925,2.82,100839824,True
종합(KOSPI),5,069500.KS,KODEX 200,136800,▲,3980,3.0,17182601,True
종합(KOSPI),6,009150.KS,삼성전기,2006000,▲,16000,0.8,1002913,False
종합(KOSPI),7,0193W0.KS,KODEX 삼성전자단일종목레버리지,24045,▲,2735,12.83,76622486,True
종합(KOSPI),8,0195S0.KS,TIGER SK하이닉스단일종목레버리지,28805,▲,720,2.56,54076318,True
종합(KOSPI),9,122630.KS,KODEX 레버리지,199670,▲,10680,5.65,6830081,True
종합(KOSPI),10,0195R0.KS,TIGER 삼성전자단일종목레버리지,22175,▲,2425,12.28,45263262,True
종합(KOSPI),11,0197X0.KS,SOL SK하이닉스선물단일종목인버스2X,8275,▼,-370,-4.28,119346010,True
종합(KOSPI),12,114800.KS,KODEX 인버스,919,▼,-25,-2.65,950318558,True
종합(KOSPI),13,252670.KS,KODEX 200선물인버스2X,72,▼,-4,-5.26,4294967295,True
종합(KOSPI),14,0167A0.KS,SOL AI반도체TOP2플러스,25815,▼,-140,-0.54,30272704,True
종합(KOSPI),15,005380.KS,현대차,514000,▲,3000,0.59,1458839,False
종합(KOSPI),16,091160.KS,KODEX 반도체,169630,▲,2850,1.71,4021787,True
종합(KOSPI),17,102110.KS,TIGER 200,136940,▲,3560,2.67,4665093,True
종합(KOSPI),18,396500.KS,TIGER 반도체TOP10,50365,▲,1105,2.24,12511962,True
종합(KOSPI),19,395160.KS,KODEX AI반도체TOP2플러스,56425,▼,-275,-0.49,9389388,True
종합(KOSPI),20,028260.KS,삼성물산,496000,▲,41000,9.01,967145,False
대형주,1,000660.KS,SK하이닉스,2593000,▲,38000,1.49,6010433,False
대형주,2,005930.KS,삼성전자,329000,▲,19000,6.13,39999233,False
대형주,3,402340.KS,SK스퀘어,1710000,▼,-122000,-6.66,2319444,False
대형주,4,009150.KS,삼성전기,2002000,▲,12000,0.6,1007116,False
대형주,5,005380.KS,현대차,513000,▲,2000,0.39,1460906,False
대형주,6,028260.KS,삼성물산,495500,▲,40500,8.9,972221,False
대형주,7,066570.KS,LG전자,206000,▲,4000,1.98,2008654,False
대형주,8,011070.KS,LG이노텍,988000,▼,-3000,-0.3,383100,False
대형주,9,034020.KS,두산에너빌리티,91900,▲,2700,3.03,3328596,False
대형주,10,042700.KS,한미반도체,273500,▲,15500,6.01,964059,False
대형주,11,035420.KS,NAVER,201500,▼,-1000,-0.49,1269728,False
대형주,12,006400.KS,삼성SDI,491000,▲,22000,4.69,514731,False
대형주,13,010120.KS,LS ELECTRIC,229500,▼,-3000,-1.29,1041362,False
대형주,14,012330.KS,현대모비스,515000,▲,5000,0.98,443711,False
대형주,15,032830.KS,삼성생명,434000,▲,9000,2.12,420823,False
대형주,16,034730.KS,SK,726000,▲,21000,2.98,254347,False
대형주,17,042660.KS,한화오션,108700,▲,4200,4.02,1516763,False
대형주,18,006800.KS,미래에셋증권,42700,▲,550,1.3,3553720,False
대형주,19,454910.KS,두산로보틱스,98600,▲,9800,11.04,1526594,False
대형주,20,298040.KS,효성중공업,3507000,▼,-109000,-3.01,38336,False
중형주,1,047040.KS,대우건설,20350,▲,970,5.01,4846155,False
중형주,2,000990.KS,DB하이텍,151400,▲,300,0.2,608462,False
중형주,3,009420.KS,한올바이오파마,58600,▲,9300,18.86,1549196,False
중형주,4,353200.KS,대덕전자,137200,▼,-3200,-2.28,436290,False
중형주,5,204320.KS,HL만도,50900,▲,1550,3.14,1177529,False
중형주,6,062040.KS,산일전기,228500,▲,6500,2.93,232177,False
중형주,7,483650.KS,달바글로벌,219500,▲,12000,5.78,232850,False
중형주,8,000500.KS,가온전선,315500,▼,-16000,-4.83,146322,False
중형주,9,010060.KS,OCI홀딩스,213000,▼,-3000,-1.39,213325,False
중형주,10,011790.KS,SKC,108700,▲,3100,2.94,416925,False
중형주,11,001740.KS,SK네트웍스,9700,▲,10,0.1,4000453,False
중형주,12,375500.KS,DL이앤씨,62500,▲,3400,5.75,622396,False
중형주,13,004170.KS,신세계,694000,▲,22000,3.27,51807,False
중형주,14,007810.KS,코리아써키트,98300,▼,-3100,-3.06,332389,False
중형주,15,093370.KS,후성,18040,▲,280,1.58,1543390,False
중형주,16,103590.KS,일진전기,75900,▲,2300,3.13,311976,False
중형주,17,018880.KS,한온시스템,3985,▲,35,0.89,5705308,False
중형주,18,088350.KS,한화생명,4685,▼,-120,-2.5,4735039,False
중형주,19,082740.KS,한화엔진,53400,▼,-100,-0.19,413927,False
중형주,20,475150.KS,SK이터닉스,37700, ,0,0.0,573404,False
소형주,1,001820.KS,삼화콘덴서,137600,▼,-4400,-3.1,704565,False
소형주,2,026940.KS,부국철강,4175,▲,420,11.19,22927084,False
소형주,3,006340.KS,대원전선,11220,▲,520,4.86,6856907,False
소형주,4,037710.KS,광주신세계,38550,▲,4300,12.55,1007986,False
소형주,5,004310.KS,현대약품,7700,▲,550,7.69,3500082,False
소형주,6,012200.KS,계양전기,6250,↑,1435,29.8,3679115,False
소형주,7,058730.KS,다스코,3450,▲,395,12.93,5895779,False
소형주,8,010690.KS,화신,11890,▼,-110,-0.92,1386505,False
소형주,9,004710.KS,한솔테크닉스,11740,▼,-1130,-8.78,1124969,False
소형주,10,101530.KS,해태제과식품,6360,▲,140,2.25,2075680,False
소형주,11,000890.KS,보해양조,3950,↑,910,29.93,3196481,False
소형주,12,002070.KS,비비안,13740,▲,2760,25.14,905963,False
소형주,13,092220.KS,KEC,4025,▲,5,0.12,2451166,False
소형주,14,000850.KS,화천기공,37300,▲,3650,10.85,281177,False
소형주,15,475560.KS,더본코리아,15590,▲,1160,8.04,596355,False
소형주,16,058430.KS,포스코스틸리온,5360,▲,150,2.88,1649279,False
소형주,17,002880.KS,디와이에이,924,▲,163,21.42,8728411,False
소형주,18,006220.KS,제주은행,10700,▲,210,2.0,752123,False
소형주,19,084670.KS,동양고속,34650,▼,-3100,-8.21,218609,False
소형주,20,005500.KS,삼진제약,18610,▲,410,2.25,332796,False
"음식료,담배",1,003230.KS,삼양식품,1128000,▲,56000,5.22,51337,False
"음식료,담배",2,033780.KS,KT&G,171100,▼,-1500,-0.87,109017,False
"음식료,담배",3,101530.KS,해태제과식품,6330,▲,110,1.77,2080191,False
"음식료,담배",4,000890.KS,보해양조,3950,↑,910,29.93,3196646,False
"음식료,담배",5,004370.KS,농심,333500,▼,-1500,-0.45,21092,False
"음식료,담배",6,097950.KS,CJ제일제당,188200,▲,2400,1.29,35152,False
"음식료,담배",7,271560.KS,오리온,126000,▲,500,0.4,50667,False
"음식료,담배",8,000080.KS,하이트진로,14850,▼,-180,-1.2,105537,False
"음식료,담배",9,005300.KS,롯데칠성,98400,▲,1400,1.44,14399,False
"음식료,담배",10,001680.KS,대상,16620,▲,50,0.3,61422,False
"음식료,담배",11,007310.KS,오뚜기,304000,▲,1000,0.33,3156,False
"음식료,담배",12,005180.KS,빙그레,63400,▲,1500,2.42,14030,False
"음식료,담배",13,001790.KS,대한제당,2270,▲,45,2.02,343789,False
"음식료,담배",14,005610.KS,삼립,35600,▼,-900,-2.47,20779,False
"음식료,담배",15,264900.KS,크라운제과,7870,▲,310,4.1,91120,False
"음식료,담배",16,280360.KS,롯데웰푸드,94000,▲,700,0.75,6161,False
"음식료,담배",17,003920.KS,남양유업,40900,▼,-50,-0.12,11665,False
"음식료,담배",18,008040.KS,사조동아원,768,▼,-4,-0.52,455596,False
"음식료,담배",19,097955.KS,CJ제일제당 우,119900,▲,400,0.33,2840,False
"음식료,담배",20,145990.KS,삼양사,41400,▼,-100,-0.24,8127,False
"섬유,의류",1,002070.KS,비비안,13780,▲,2800,25.5,909700,False
"섬유,의류",2,383220.KS,F&F,73400,▲,200,0.27,45801,False
"섬유,의류",3,020000.KS,한섬,20500,▲,350,1.74,35774,False
"섬유,의류",4,194370.KS,제이에스코퍼레이션,11530,▲,260,2.31,38824,False
"섬유,의류",5,093050.KS,LF,21050,▲,150,0.72,13539,False
"섬유,의류",6,009270.KS,신원,1038,▲,17,1.67,217486,False
"섬유,의류",7,003200.KS,일신방직,9800,▲,80,0.82,21603,False
"섬유,의류",8,105630.KS,한세실업,8200,▼,-20,-0.24,23083,False
"섬유,의류",9,003610.KS,방림,4980,▼,-50,-0.99,38338,False
"섬유,의류",10,241590.KS,화승엔터프라이즈,3040,▼,-105,-3.34,62239,False
"섬유,의류",11,093240.KS,형지엘리트,583,▲,22,3.92,283163,False
"섬유,의류",12,007980.KS,TP,1695,▲,37,2.23,70245,False
"섬유,의류",13,016090.KS,대현,1442,▼,-17,-1.17,76190,False
"섬유,의류",14,111380.KS,동인기연,11380,▼,-270,-2.32,9369,False
"섬유,의류",15,004700.KS,조광피혁,60400,▼,-600,-0.98,1746,False
"섬유,의류",16,000950.KS,전방,24450,▲,1500,6.54,2746,False
"섬유,의류",17,005800.KS,신영와코루,11980,▼,-200,-1.64,5434,False
"섬유,의류",18,001460.KS,BYC,32600,▲,600,1.88,1612,False
"섬유,의류",19,001070.KS,대한방직,5410,▲,100,1.88,8492,False
"섬유,의류",20,011300.KS,우성머티리얼스,2190,▼,-20,-0.9,18809,False
"종이,목재",1,446070.KS,유니드비티플러스,3030,▲,170,5.94,173940,False
"종이,목재",2,014160.KS,대영포장,695,▲,16,2.36,674093,False
"종이,목재",3,213500.KS,한솔제지,6270,▼,-40,-0.63,64725,False
"종이,목재",4,002310.KS,아세아제지,7600,▼,-90,-1.17,23284,False
"종이,목재",5,001020.KS,페이퍼코리아,2365,▲,135,6.05,70969,False
"종이,목재",6,002200.KS,한국수출포장,2350,▼,-15,-0.63,66136,False
"종이,목재",7,027970.KS,한국제지,544,▼,-10,-1.81,226999,False
"종이,목재",8,016590.KS,신대양제지,8910,▲,150,1.71,13267,False
"종이,목재",9,011280.KS,태림포장,1874,▼,-29,-1.52,61763,False
"종이,목재",10,012690.KS,모나리자,1501,▼,-36,-2.34,55443,False
"종이,목재",11,009580.KS,무림P&P,1571,▼,-26,-1.63,52342,False
"종이,목재",12,009200.KS,무림페이퍼,1346,▼,-11,-0.81,39287,False
"종이,목재",13,025750.KS,한솔홈데코,1921,▲,121,6.72,20513,False
"종이,목재",14,009460.KS,한창제지,2355,▼,-55,-2.28,11824,False
"종이,목재",15,004545.KS,깨끗한나라우,7400,▼,-570,-7.15,2101,False
"종이,목재",16,004540.KS,깨끗한나라,1388,▲,42,3.12,11283,False
"종이,목재",17,008250.KS,이건산업,2590,▲,55,2.17,5699,False
"종이,목재",18,009770.KS,삼정펄프,25675,▼,-425,-1.63,271,False
"종이,목재",19,006740.KS,블루산업개발,5550, ,0,0.0,0,False
화학,1,278470.KS,에이피알,374500,▲,19000,5.34,208472,False
화학,2,051910.KS,LG화학,295000,▲,3500,1.2,187255,False
화학,3,483650.KS,달바글로벌,219500,▲,12000,5.78,233519,False
화학,4,011790.KS,SKC,108500,▲,2900,2.75,420379,False
화학,5,009830.KS,한화솔루션,34350,▲,300,0.88,938143,False
화학,6,096770.KS,SK이노베이션,96600,▲,2900,3.09,297797,False
화학,7,093370.KS,후성,17970,▲,210,1.18,1559126,False
화학,8,120110.KS,코오롱인더,68000,▲,1500,2.26,228426,False
화학,9,002380.KS,KCC,496500,▲,18000,3.76,29646,False
화학,10,010950.KS,S-Oil,103600,▲,2100,2.07,123838,False
화학,11,457190.KS,이수스페셜티케미컬,73500,▲,2500,3.52,171015,False
화학,12,000880.KS,한화,105200,▼,-700,-0.66,116111,False
화학,13,090430.KS,아모레퍼시픽,98600,▲,2400,2.49,121863,False
화학,14,161890.KS,한국콜마,87900,▲,4500,5.4,122245,False
화학,15,161390.KS,한국타이어앤테크놀로지,62100,▲,500,0.81,132248,False
화학,16,014680.KS,한솔케미칼,265500,▲,9500,3.71,28721,False
화학,17,051900.KS,LG생활건강,222500,▼,-3000,-1.33,31735,False
화학,18,011170.KS,롯데케미칼,67800,▲,2200,3.35,101390,False
화학,19,025620.KS,차AI헬스케어,8200,▲,700,9.33,713963,False
화학,20,001340.KS,PKC,6365,▲,625,10.89,958344,False
제약,1,009420.KS,한올바이오파마,58200,▲,8900,18.05,1565178,False
제약,2,068270.KS,셀트리온,170800,▲,10300,6.42,493946,False
제약,3,207940.KS,삼성바이오로직스,1345000,▲,72000,5.66,59288,False
제약,4,128940.KS,한미약품,406000,▲,29000,7.69,86755,False
제약,5,004310.KS,현대약품,7750,▲,600,8.39,3508602,False
제약,6,000100.KS,유한양행,72400,▲,2600,3.72,227464,False
제약,7,005500.KS,삼진제약,18650,▲,450,2.47,333412,False
제약,8,006280.KS,녹십자,124900,▲,6300,5.31,34099,False
제약,9,302440.KS,SK바이오사이언스,36300,▲,1150,3.27,90683,False
제약,10,069620.KS,대웅제약,115800,▲,3700,3.3,27107,False
제약,11,249420.KS,일동제약,17590,▲,1050,6.35,138402,False
제약,12,185750.KS,종근당,67000,▲,100,0.15,17260,False
제약,13,009290.KS,광동제약,5460,▲,120,2.25,206483,False
제약,14,0120G0.KS,삼양바이오팜,46450,▲,2600,5.93,21905,False
제약,15,001060.KS,JW중외제약,26050,▲,1050,4.2,35153,False
제약,16,003090.KS,대웅,16830,▲,430,2.62,50012,False
제약,17,002630.KS,오리엔트바이오,928,▲,135,17.02,867797,False
제약,18,011000.KS,진원생명과학,545,▼,-32,-5.55,1370409,False
제약,19,003000.KS,부광약품,4085,▲,50,1.24,164946,False
제약,20,003850.KS,보령,8500,▲,220,2.66,78675,False
비금속,1,300720.KS,한일시멘트,13760,▲,210,1.55,67015,False
비금속,2,010780.KS,아이에스동서,21100,▲,50,0.24,34641,False
비금속,3,004090.KS,한국석유,11070,▲,190,1.75,44903,False
비금속,4,004870.KS,티웨이홀딩스,288,▼,-6,-2.04,1531720,False
비금속,5,004980.KS,성신양회,7840,▲,20,0.26,50312,False
비금속,6,183190.KS,아세아시멘트,9080,▲,50,0.55,38571,False
비금속,7,344820.KS,KCC글라스,21700,▼,-50,-0.23,14193,False
비금속,8,462520.KS,조선내화,15090,▲,530,3.64,18651,False
비금속,9,001520.KS,동양,525,▼,-3,-0.57,338853,False
비금속,10,014580.KS,태경비케이,3820,▲,50,1.33,42326,False
비금속,11,007210.KS,벽산,1453,▲,3,0.21,105287,False
비금속,12,003300.KS,한일홀딩스,16030,▲,60,0.38,8870,False
비금속,13,000480.KS,CR홀딩스,4610,▼,-5,-0.11,24181,False
비금속,14,047400.KS,유니온머티리얼,986,▼,-7,-0.7,110127,False
비금속,15,004440.KS,삼일씨엔에스,4425,▲,10,0.23,15947,False
비금속,16,005750.KS,대림바스,4085,▼,-45,-1.09,11814,False
비금속,17,011390.KS,부산산업,45200,▲,900,2.03,986,False
비금속,18,000910.KS,유니온,2900,▲,10,0.35,12786,False
비금속,19,010040.KS,한국내화,1524,▲,12,0.79,18148,False
비금속,20,001560.KS,제일연마,8970,▼,-140,-1.54,1706,False
금속,1,005490.KS,POSCO홀딩스,330500,▲,8500,2.64,349735,False
금속,2,026940.KS,부국철강,4205,▲,450,11.98,23080796,False
금속,3,079550.KS,LIG디펜스앤에어로스페이스,817000,▲,8000,0.99,97107,False
금속,4,058730.KS,다스코,3465,▲,410,13.42,5926773,False
금속,5,010130.KS,고려아연,1113000,▲,29000,2.68,13547,False
금속,6,004020.KS,현대제철,29150,▲,250,0.87,455778,False
금속,7,112610.KS,씨에스윈드,41850,▼,-600,-1.41,313672,False
금속,8,058430.KS,포스코스틸리온,5340,▲,130,2.5,1667328,False
금속,9,017960.KS,한국카본,28500,▲,500,1.79,272364,False
금속,10,001430.KS,세아베스틸지주,35000,▲,100,0.29,200034,False
금속,11,092790.KS,넥스틸,14420,▼,-180,-1.23,435646,False
금속,12,100090.KS,SK오션플랜트,14380,▲,80,0.56,440817,False
금속,13,103140.KS,풍산,67100,▲,1200,1.82,83056,False
금속,14,006110.KS,삼아알미늄,44450,▲,550,1.25,82229,False
금속,15,010820.KS,퍼스텍,6650,▲,200,3.1,408025,False
금속,16,008420.KS,문배철강,2400,▼,-10,-0.41,871609,False
금속,17,460860.KS,동국제강,8970,▲,150,1.7,186233,False
금속,18,016380.KS,KG스틸,5290,▲,100,1.93,194748,False
금속,19,071090.KS,하이스틸,3220,▲,95,3.04,312520,False
금속,20,005010.KS,휴스틸,4130,▲,50,1.23,245703,False
"기계,장비",1,034020.KS,두산에너빌리티,91200,▲,2000,2.24,3362687,False
"기계,장비",2,042700.KS,한미반도체,270500,▲,12500,4.84,974135,False
"기계,장비",3,454910.KS,두산로보틱스,98800,▲,10000,11.26,1641419,False
"기계,장비",4,018880.KS,한온시스템,3985,▲,35,0.89,5789416,False
"기계,장비",5,267270.KS,HD건설기계,121500,▼,-400,-0.33,188780,False
"기계,장비",6,082740.KS,한화엔진,53100,▼,-400,-0.75,417985,False
"기계,장비",7,012200.KS,계양전기,6250,↑,1435,29.8,3680349,False
"기계,장비",8,000850.KS,화천기공,36700,▲,3050,9.06,285751,False
"기계,장비",9,241560.KS,두산밥캣,62400,▼,-100,-0.16,172047,False
"기계,장비",10,071970.KS,HD현대마린엔진,59900,▲,100,0.17,135931,False
"기계,장비",11,017800.KS,현대엘리베이터,72800,▲,1800,2.54,93886,False
"기계,장비",12,077970.KS,STX엔진,29650,▲,50,0.17,174292,False
"기계,장비",13,079900.KS,전진건설로봇,41500,▼,-300,-0.72,101665,False
"기계,장비",14,100840.KS,SNT에너지,29250,▼,-50,-0.17,119530,False
"기계,장비",15,010660.KS,화천기계,2950,▲,60,2.08,886966,False
"기계,장비",16,012205.KS,계양전기우,9370,↑,2160,29.96,289385,False
"기계,장비",17,017550.KS,수산세보틱스,1955,▼,-4,-0.2,563398,False
"기계,장비",18,484870.KS,엠앤씨솔루션,73200,▲,100,0.14,13712,False
"기계,장비",19,210540.KS,디와이파워,10970,▲,360,3.39,50316,False
"기계,장비",20,002900.KS,TYM,6040,▲,80,1.34,85227,False
"전기,전자",1,000660.KS,SK하이닉스,2567000,▲,12000,0.47,6125785,False
"전기,전자",2,005930.KS,삼성전자,326500,▲,16500,5.32,40463127,False
"전기,전자",3,009150.KS,삼성전기,1985000,▼,-5000,-0.25,1021280,False
"전기,전자",4,005935.KS,삼성전자우,210000,▲,7500,3.7,2083627,False
"전기,전자",5,066570.KS,LG전자,204500,▲,2500,1.24,2028233,False
"전기,전자",6,011070.KS,LG이노텍,977000,▼,-14000,-1.41,389058,False
"전기,전자",7,006400.KS,삼성SDI,487500,▲,18500,3.94,520186,False
"전기,전자",8,010120.KS,LS ELECTRIC,227000,▼,-5500,-2.37,1054179,False
"전기,전자",9,298040.KS,효성중공업,3487000,▼,-129000,-3.57,38923,False
"전기,전자",10,267260.KS,HD현대일렉트릭,946000,▼,-3000,-0.32,136472,False
"전기,전자",11,009155.KS,삼성전기우,806000,▼,-11000,-1.35,139643,False
"전기,전자",12,001820.KS,삼화콘덴서,136900,▼,-5100,-3.59,713976,False
"전기,전자",13,000150.KS,두산,1639000,▲,108000,7.05,58567,False
"전기,전자",14,000990.KS,DB하이텍,151400,▲,300,0.2,613465,False
"전기,전자",15,373220.KS,LG에너지솔루션,363000,▲,1000,0.28,255820,False
"전기,전자",16,006340.KS,대원전선,11180,▲,480,4.49,6919050,False
"전기,전자",17,353200.KS,대덕전자,136700,▼,-3700,-2.64,442805,False
"전기,전자",18,007660.KS,이수페타시스,109100,▲,1000,0.93,553061,False
"전기,전자",19,062040.KS,산일전기,227500,▲,5500,2.48,233858,False
"전기,전자",20,001440.KS,대한전선,34450,▼,-250,-0.72,1443141,False
"의료,정밀기기",1,281820.KS,케이씨텍,80900,▲,500,0.62,135392,False
"의료,정밀기기",2,003160.KS,디아이,24550,▼,-600,-2.39,256767,False
"의료,정밀기기",3,025560.KS,미래산업,44550,▲,450,1.02,64836,False
"의료,정밀기기",4,105840.KS,우진,16770,▲,370,2.26,71422,False
"의료,정밀기기",5,137310.KS,에스디바이오센서,6160,▲,90,1.48,142045,False
"의료,정밀기기",6,145720.KS,덴티움,40750,▼,-300,-0.73,19589,False
"의료,정밀기기",7,029460.KS,케이씨,28650,▼,-350,-1.21,18501,False
"의료,정밀기기",8,372910.KS,한컴라이프케어,1738,▲,13,0.75,19163,False
"운송장비,부품",1,005380.KS,현대차,510500,▼,-500,-0.1,1483748,False
"운송장비,부품",2,012330.KS,현대모비스,513000,▲,3000,0.59,451322,False
"운송장비,부품",3,042660.KS,한화오션,108000,▲,3500,3.35,1537524,False
"운송장비,부품",4,012450.KS,한화에어로스페이스,1089000,▲,16000,1.49,109615,False
"운송장비,부품",5,329180.KS,HD현대중공업,592000,▲,4000,0.68,182385,False
"운송장비,부품",6,000270.KS,기아,140500,▲,3100,2.26,674356,False
"운송장비,부품",7,010140.KS,삼성중공업,24700,▲,400,1.65,3671908,False
"운송장비,부품",8,204320.KS,HL만도,50800,▲,1450,2.94,1185820,False
"운송장비,부품",9,064350.KS,현대로템,192300,▼,-1300,-0.67,222673,False
"운송장비,부품",10,047810.KS,한국항공우주,143100,▲,2700,1.92,279026,False
"운송장비,부품",11,005387.KS,현대차2우B,219000,▲,4500,2.1,103793,False
"운송장비,부품",12,010690.KS,화신,11930,▼,-70,-0.58,1410784,False
"운송장비,부품",13,005385.KS,현대차우,217500,▲,4500,2.11,41644,False
"운송장비,부품",14,002880.KS,디와이에이,929,▲,168,22.08,8800500,False
"운송장비,부품",15,011210.KS,현대위아,65500,▲,2100,3.31,117657,False
"운송장비,부품",16,439260.KS,대한조선,55800,▲,2200,4.1,86206,False
"운송장비,부품",17,005850.KS,에스엘,58100,▼,-500,-0.85,66769,False
"운송장비,부품",18,005389.KS,현대차3우B,209000,▲,3000,1.46,10858,False
"운송장비,부품",19,075580.KS,세진중공업,13920,▲,820,6.26,131277,False
"운송장비,부품",20,009900.KS,명신산업,7590,▲,250,3.41,181414,False
유통,1,028260.KS,삼성물산,492000,▲,37000,8.13,983599,False
유통,2,037710.KS,광주신세계,37800,▲,3550,10.36,1023231,False
유통,3,001740.KS,SK네트웍스,9650,▼,-40,-0.41,4038756,False
유통,4,004170.KS,신세계,694000,▲,22000,3.27,52325,False
유통,5,047050.KS,포스코인터내셔널,50600,▲,300,0.6,301253,False
유통,6,069960.KS,현대백화점,188400,▼,-3200,-1.67,68610,False
유통,7,475560.KS,더본코리아,15570,▲,1140,7.9,596694,False
유통,8,023530.KS,롯데쇼핑,171100,▼,-3900,-2.23,57963,False
유통,9,008770.KS,호텔신라,48150,▼,-1550,-3.12,190815,False
유통,10,139480.KS,이마트,80500,▼,-900,-1.11,89006,False
유통,11,02826K.KS,삼성물산우B,272500,▲,4000,1.49,20589,False
유통,12,282330.KS,BGF리테일,118200,▲,1400,1.2,49694,False
유통,13,111770.KS,영원무역,71200,▼,-1000,-1.39,49248,False
유통,14,081660.KS,미스토홀딩스,38750,▼,-50,-0.13,75012,False
유통,15,452260.KS,한화갤러리아,2125,▼,-30,-1.39,1212525,False
유통,16,001120.KS,LX인터내셔널,34700,▼,-150,-0.43,67050,False
유통,17,026960.KS,동서,23350,▼,-650,-2.71,96261,False
유통,18,007070.KS,GS리테일,23000,▲,100,0.44,94475,False
유통,19,018670.KS,SK가스,210000,▼,-4000,-1.87,8905,False
유통,20,001250.KS,GS글로벌,2610,▼,-75,-2.79,459860,False
"전기,가스",1,015760.KS,한국전력,37100,▲,850,2.34,2114739,False
"전기,가스",2,036460.KS,한국가스공사,32250,▼,-400,-1.23,148656,False
"전기,가스",3,005090.KS,SGC에너지,42350,▼,-1600,-3.64,48605,False
"전기,가스",4,004690.KS,삼천리,113900,▲,500,0.44,7713,False
"전기,가스",5,071320.KS,지역난방공사,66800,▲,800,1.21,6570,False
"전기,가스",6,117580.KS,대성에너지,6700,▲,200,3.08,42210,False
"전기,가스",7,017390.KS,서울가스,52600,▼,-200,-0.38,3390,False
"전기,가스",8,003480.KS,한진중공업홀딩스,4590,▼,-10,-0.22,24891,False
"전기,가스",9,267290.KS,경동도시가스,18610,▲,100,0.54,5837,False
"전기,가스",10,034590.KS,인천도시가스,25550,▼,-250,-0.97,338,False
건설,1,047040.KS,대우건설,20100,▲,720,3.72,4949902,False
건설,2,000720.KS,현대건설,116500,▲,1400,1.22,743389,False
건설,3,375500.KS,DL이앤씨,62500,▲,3400,5.75,630260,False
건설,4,475150.KS,SK이터닉스,37600,▼,-100,-0.27,579753,False
건설,5,006360.KS,GS건설,25400,▲,800,3.25,722183,False
건설,6,097230.KS,HJ중공업,21000,▲,1400,7.14,425185,False
건설,7,051600.KS,한전KPS,45300,▼,-50,-0.11,109579,False
건설,8,002990.KS,금호건설,4845,↑,1115,29.89,913347,False
건설,9,013360.KS,일성건설,1267,▼,-4,-0.31,1166286,False
건설,10,294870.KS,IPARK현대산업개발,19550,▲,240,1.24,73938,False
건설,11,001260.KS,남광토건,7850,▲,750,10.56,109425,False
건설,12,002780.KS,진흥기업,771,▼,-18,-2.28,966945,False
건설,13,126720.KS,수산인더스트리,21250,▲,400,1.92,24176,False
건설,14,013580.KS,계룡건설,18800,▲,450,2.45,24904,False
건설,15,004960.KS,한신공영,9940,▼,-90,-0.9,33198,False
건설,16,009410.KS,태영건설,1619,▲,38,2.4,169192,False
건설,17,002995.KS,금호건설우,14890,↑,3430,29.93,17338,False
건설,18,37550L.KS,DL이앤씨2우(전환),40100,▲,1400,3.62,5236,False
건설,19,000725.KS,현대건설우,51800,▲,600,1.17,2773,False
건설,20,028100.KS,동아지질,15880,▲,90,0.57,8869,False
"운송,창고",1,003490.KS,대한항공,27150,▲,1250,4.83,2391125,False
"운송,창고",2,086280.KS,현대글로비스,189900,▲,3000,1.61,176287,False
"운송,창고",3,011200.KS,HMM,18980,▲,390,2.1,1032513,False
"운송,창고",4,084670.KS,동양고속,36000,▼,-1750,-4.64,224984,False
"운송,창고",5,028670.KS,팬오션,4700,▲,30,0.64,1267490,False
"운송,창고",6,000650.KS,천일고속,194300,▼,-7700,-3.81,16283,False
"운송,창고",7,000120.KS,CJ대한통운,73600,▲,200,0.27,32996,False
"운송,창고",8,005880.KS,대한해운,1879,▲,23,1.24,1158074,False
"운송,창고",9,003280.KS,흥아해운,1710,▲,46,2.76,1211858,False
"운송,창고",10,020560.KS,아시아나항공,7260,▲,310,4.46,120275,False
"운송,창고",11,091810.KS,트리니티항공,787,▲,50,6.78,747006,False
"운송,창고",12,272450.KS,진에어,5720,▲,110,1.96,84921,False
"운송,창고",13,089590.KS,제주항공,4595,▲,50,1.1,94230,False
"운송,창고",14,004360.KS,세방,12510,▼,-190,-1.5,27342,False
"운송,창고",15,004140.KS,동방,1818,▲,8,0.44,173933,False
"운송,창고",16,005430.KS,한국공항,78200,▼,-2500,-3.1,3572,False
"운송,창고",17,002320.KS,한진,15440,▼,-60,-0.39,15699,False
"운송,창고",18,044450.KS,KSS해운,9430,▲,210,2.28,21871,False
"운송,창고",19,009070.KS,KCTC,4025,▲,25,0.63,48725,False
"운송,창고",20,298690.KS,에어부산,1559,▲,18,1.17,117903,False
통신,1,017670.KS,SK텔레콤,90300,▲,400,0.44,606708,False
통신,2,030200.KS,KT,52500,▲,100,0.19,225974,False
통신,3,032640.KS,LG유플러스,14030,▼,-170,-1.2,544378,False
통신,4,006490.KS,프리티,326,▲,50,18.12,1015097,False
통신,5,126560.KS,현대퓨처넷,2895,▲,50,1.76,64147,False
금융,1,402340.KS,SK스퀘어,1686000,▼,-146000,-7.97,2358150,False
금융,2,032830.KS,삼성생명,429500,▲,4500,1.06,427306,False
금융,3,034730.KS,SK,719000,▲,14000,1.99,258816,False
금융,4,006800.KS,미래에셋증권,42250,▲,100,0.24,3626493,False
금융,5,105560.KS,KB금융,152600,▼,-1100,-0.72,671167,False
금융,6,055550.KS,신한지주,96600,▼,-1100,-1.13,736042,False
금융,7,006260.KS,LS,359500,▼,-2000,-0.55,165179,False
금융,8,000810.KS,삼성화재,638000,▼,-8000,-1.24,81671,False
금융,9,009540.KS,HD한국조선해양,368500,▲,4000,1.1,140087,False
금융,10,010060.KS,OCI홀딩스,211500,▼,-4500,-2.08,216261,False
금융,11,086790.KS,하나금융지주,114700,▼,-800,-0.69,383987,False
금융,12,016360.KS,삼성증권,107400,▼,-600,-0.56,383039,False
금융,13,316140.KS,우리금융지주,29600,▲,150,0.51,1200648,False
금융,14,071050.KS,한국금융지주,205000,▼,-3000,-1.44,155352,False
금융,15,003550.KS,LG,99600,▲,1000,1.01,252252,False
금융,16,039490.KS,키움증권,315000,▼,-6500,-2.02,75612,False
금융,17,088350.KS,한화생명,4645,▼,-160,-3.33,4912815,False
금융,18,0126Z0.KS,삼성에피스홀딩스,413500,▲,30500,7.96,52142,False
금융,19,267250.KS,HD현대,210500,▼,-500,-0.24,99331,False
금융,20,138040.KS,메리츠금융지주,104300,▼,-300,-0.29,186140,False
증권,1,006800.KS,미래에셋증권,42250,▲,100,0.24,3629143,False
증권,2,016360.KS,삼성증권,107400,▼,-600,-0.56,383190,False
증권,3,039490.KS,키움증권,315500,▼,-6000,-1.87,75722,False
증권,4,005940.KS,NH투자증권,28800,▲,50,0.17,329826,False
증권,5,00680K.KS,미래에셋증권2우B,13450,▲,440,3.38,610794,False
증권,6,001510.KS,SK증권,2560,▲,25,0.99,1668812,False
증권,7,003530.KS,한화투자증권,5030,▲,20,0.4,739492,False
증권,8,003540.KS,대신증권,26700,▼,-150,-0.56,66218,False
증권,9,001200.KS,유진투자증권,4280,▲,55,1.3,380327,False
증권,10,001720.KS,신영증권,165700,▲,1000,0.61,8660,False
증권,11,006805.KS,미래에셋증권우,15740,▲,850,5.71,85137,False
증권,12,001500.KS,현대차증권,8170,▼,-20,-0.24,131831,False
증권,13,003470.KS,유안타증권,4450,▲,15,0.34,224048,False
증권,14,030610.KS,교보증권,9600,▲,200,2.13,77127,False
증권,15,016610.KS,DB증권,9270,▲,70,0.76,76444,False
증권,16,005945.KS,NH투자증권우,23300,▲,100,0.43,27600,False
증권,17,003545.KS,대신증권우,19510,▲,70,0.36,31069,False
증권,18,001270.KS,부국증권,56900,▲,1900,3.45,5114,False
증권,19,030210.KS,다올투자증권,3280,▼,-60,-1.8,73735,False
증권,20,001750.KS,한양증권,18700,▲,80,0.43,11836,False
보험,1,032830.KS,삼성생명,429500,▲,4500,1.06,427923,False
보험,2,000810.KS,삼성화재,638000,▼,-8000,-1.24,81788,False
보험,3,088350.KS,한화생명,4645,▼,-160,-3.33,4913593,False
보험,4,005830.KS,DB손해보험,136800,▼,-2200,-1.58,101700,False
보험,5,085620.KS,미래에셋생명,19620,▲,20,0.1,588929,False
보험,6,001450.KS,현대해상,35400,▼,-600,-1.67,281576,False
보험,7,003690.KS,코리안리,12420,▼,-260,-2.05,186371,False
보험,8,000815.KS,삼성화재우,416000,▼,-9000,-2.12,4473,False
보험,9,031210.KS,서울보증보험,41400,▼,-350,-0.84,30756,False
보험,10,000370.KS,한화손해보험,5920, ,0,0.0,176320,False
보험,11,000400.KS,롯데손해보험,1681,▼,-19,-1.12,262835,False
보험,12,082640.KS,동양생명,7240,▼,-60,-0.82,13828,False
보험,13,000540.KS,흥국화재,3115,▼,-10,-0.32,23010,False
보험,14,000545.KS,흥국화재우,5130,▼,-70,-1.35,250,False
일반서비스,1,028050.KS,삼성E&A,44750,▼,-100,-0.22,1739231,False
일반서비스,2,443060.KS,HD현대마린솔루션,212500,▲,8000,3.91,91312,False
일반서비스,3,052690.KS,한전기술,108500,▲,3500,3.33,177669,False
일반서비스,4,326030.KS,SK바이오팜,85100,▲,2900,3.53,128877,False
일반서비스,5,021240.KS,코웨이,87300,▲,1300,1.51,83238,False
일반서비스,6,022100.KS,포스코DX,22400,▲,450,2.05,310598,False
일반서비스,7,012750.KS,에스원,71500,▲,1100,1.56,60197,False
일반서비스,8,032350.KS,롯데관광개발,14890,▼,-210,-1.39,262931,False
일반서비스,9,030000.KS,제일기획,18320,▼,-270,-1.45,211041,False
일반서비스,10,130660.KS,한전산업,11800,▲,160,1.37,95659,False
일반서비스,11,053690.KS,한미글로벌,17290,▲,290,1.71,61675,False
일반서비스,12,005250.KS,녹십자홀딩스,10170,▲,130,1.29,80703,False
일반서비스,13,002030.KS,아세아,173200,▼,-9100,-4.99,4531,False
일반서비스,14,089860.KS,롯데렌탈,27200,▼,-450,-1.63,27188,False
일반서비스,15,214320.KS,이노션,18320,▼,-280,-1.51,39353,False
일반서비스,16,039130.KS,하나투어,33200,▼,-350,-1.04,21050,False
일반서비스,17,095570.KS,AJ네트웍스,3980,▼,-30,-0.75,80379,False
일반서비스,18,015360.KS,INVENI,13780,▲,60,0.44,19689,False
일반서비스,19,403550.KS,쏘카,10800,▲,100,0.93,21883,False
일반서비스,20,094280.KS,효성ITX,11800,▼,-50,-0.42,15352,False
제조,1,000660.KS,SK하이닉스,2552000,▼,-3000,-0.12,6230653,False
제조,2,005930.KS,삼성전자,325000,▲,15000,4.84,41041468,False
제조,3,009150.KS,삼성전기,1971000,▼,-19000,-0.95,1036350,False
제조,4,005380.KS,현대차,510000,▼,-1000,-0.2,1500567,False
제조,5,005935.KS,삼성전자우,209500,▲,7000,3.46,2104177,False
제조,6,066570.KS,LG전자,203500,▲,1500,0.74,2049999,False
제조,7,011070.KS,LG이노텍,972000,▼,-19000,-1.92,394203,False
제조,8,034020.KS,두산에너빌리티,90700,▲,1500,1.68,3411999,False
제조,9,042700.KS,한미반도체,268500,▲,10500,4.07,990122,False
제조,10,006400.KS,삼성SDI,485500,▲,16500,3.52,527638,False
제조,11,010120.KS,LS ELECTRIC,226000,▼,-6500,-2.8,1069332,False
제조,12,012330.KS,현대모비스,511000,▲,1000,0.2,464229,False
제조,13,042660.KS,한화오션,107700,▲,3200,3.06,1556721,False
제조,14,454910.KS,두산로보틱스,96500,▲,7700,8.67,1720172,False
제조,15,298040.KS,효성중공업,3470000,▼,-146000,-4.04,39520,False
제조,16,267260.KS,HD현대일렉트릭,939000,▼,-10000,-1.05,137722,False
제조,17,012450.KS,한화에어로스페이스,1083000,▲,10000,0.93,111014,False
제조,18,009155.KS,삼성전기우,804000,▼,-13000,-1.59,141076,False
제조,19,005490.KS,POSCO홀딩스,329000,▲,7000,2.17,354822,False
제조,20,329180.KS,HD현대중공업,591000,▲,3000,0.51,186112,False
부동산,1,395400.KS,SK리츠,5470,▼,-160,-2.84,158111,False
부동산,2,293940.KS,신한알파리츠,5140,▲,60,1.18,102520,False
부동산,3,432320.KS,KB스타리츠,1291,▼,-7,-0.54,382675,False
부동산,4,330590.KS,롯데리츠,3550,▲,30,0.85,121506,False
부동산,5,365550.KS,ESR켄달스퀘어리츠,3450,▲,5,0.15,103190,False
부동산,6,377190.KS,디앤디플랫폼리츠,2045,▲,25,1.24,151463,False
부동산,7,350520.KS,이지스레지던스리츠,3375,▼,-20,-0.59,89014,False
부동산,8,334890.KS,이지스밸류플러스리츠,3355,▲,65,1.98,76572,False
부동산,9,400760.KS,NH올원리츠,3025,▼,-15,-0.49,80257,False
부동산,10,088260.KS,이리츠코크렙,3470,▲,90,2.66,65443,False
부동산,11,451800.KS,한화리츠,4675,▼,-30,-0.64,41473,False
부동산,12,417310.KS,코람코더원리츠,9770,▼,-20,-0.2,17952,False
부동산,13,404990.KS,신한서부티엔디리츠,3840,▲,25,0.66,45754,False
부동산,14,338100.KS,NH프라임리츠,3645,▲,10,0.28,37135,False
부동산,15,317400.KS,자이에스앤디,3355,▼,-15,-0.45,38948,False
부동산,16,357120.KS,코람코라이프인프라리츠,4030,▲,30,0.75,23886,False
부동산,17,210980.KS,SK디앤디,11080,▲,70,0.64,8152,False
부동산,18,396690.KS,미래에셋글로벌리츠,1459,▼,-21,-1.42,59923,False
부동산,19,448730.KS,삼성FN리츠,5240,▲,60,1.16,15951,False
부동산,20,357250.KS,미래에셋맵스리츠,1786,▼,-7,-0.39,9654,False
it서비스,1,035420.KS,NAVER,199800,▼,-2700,-1.33,1325113,False
it서비스,2,064400.KS,LG씨엔에스,79100,▼,-900,-1.13,1114670,False
it서비스,3,307950.KS,현대오토에버,547000,▼,-3000,-0.55,126085,False
it서비스,4,018260.KS,삼성에스디에스,189700,▼,-1900,-0.99,263912,False
it서비스,5,035720.KS,카카오,34150,▼,-100,-0.29,1282078,False
it서비스,6,036570.KS,NC,244500,▲,3000,1.24,46464,False
it서비스,7,259960.KS,크래프톤,221000,▼,-500,-0.23,46377,False
it서비스,8,251270.KS,넷마블,36600,▼,-450,-1.21,136578,False
it서비스,9,462870.KS,시프트업,33300,▲,50,0.15,142304,False
it서비스,10,192080.KS,더블유게임즈,61800,▲,500,0.82,51183,False
it서비스,11,023590.KS,다우기술,35600,▼,-50,-0.14,47708,False
it서비스,12,181710.KS,NHN,35300,▼,-300,-0.84,39656,False
it서비스,13,030190.KS,NICE평가정보,13940,▲,170,1.23,36758,False
it서비스,14,035510.KS,신세계 I&C,12960,▲,160,1.25,38552,False
it서비스,15,012030.KS,DB,1799,▲,1,0.06,271679,False
it서비스,16,286940.KS,롯데이노베이트,17200,▼,-270,-1.55,27379,False
it서비스,17,037270.KS,YG PLUS,3360,▲,30,0.9,113354,True
it서비스,18,072130.KS,유엔젤,4960,▲,75,1.54,47514,False
it서비스,19,020120.KS,키다리스튜디오,2875,▲,20,0.7,56902,False
it서비스,20,058850.KS,KTcs,2240,▲,20,0.9,69756,False
"오락,문화",1,352820.KS,하이브,194100,▼,-1000,-0.51,162528,False
"오락,문화",2,034230.KS,파라다이스,12700,▼,-160,-1.24,387647,False
"오락,문화",3,035250.KS,강원랜드,14360,▼,-130,-0.9,312786,False
"오락,문화",4,114090.KS,GKL,10950,▲,30,0.27,174944,False
"오락,문화",5,079160.KS,CJ CGV,4460,▲,40,0.9,109220,False
"오락,문화",6,037560.KS,LG헬로비전,1814,▼,-29,-1.57,244403,False
"오락,문화",7,100220.KS,비상교육,5320,▲,140,2.7,65798,False
"오락,문화",8,034120.KS,SBS,11210, ,0,0.0,24487,False
"오락,문화",9,012170.KS,아센디오,771,▼,-129,-14.33,186689,False
"오락,문화",10,011420.KS,갤럭시아에스엠,1305,▼,-4,-0.31,64213,False
"오락,문화",11,053210.KS,스카이라이프,4255,▼,-5,-0.12,16361,False
"오락,문화",12,068290.KS,삼성출판사,6000,▲,130,2.21,7008,False
"오락,문화",13,036420.KS,콘텐트리중앙,4995, ,0,0.0,0,False
