sector,ticker,name,current,change_sign,change_abs,change_pct,volume,market_cap_thousand,per
에너지및관련서비스,SJT,산 후안 베이슨 로열티 트러스트,3.109,▲,0.169,0.0575,380933,144907,-374.58
에너지및관련서비스,MMLP,마틴 미드스트림 파트너스,2.29,▲,0.11,0.0505,55886,89596,-6.19
에너지및관련서비스,DWSN,도슨 지오피지컬,4.74,▲,0.17,0.0372,47611,147190,-79.0
에너지및관련서비스,DK,델렉 유에스 홀딩스,45.0,▲,1.59,0.0366,886957,2757938,-118.42
에너지및관련서비스,PARR,파 퍼시픽 홀딩스,51.85,▲,1.15,0.0227,1026710,2599982,7.24
에너지및관련서비스,GEVO,제보,1.43,▲,0.03,0.0214,2990101,348078,-10.21
에너지및관련서비스,GPRE,그린 플레인스,14.64,▲,0.23,0.016,1869687,1025242,-8.13
에너지및관련서비스,TPL,텍사스 퍼시픽 랜드,375.11,▲,5.21,0.0141,360682,25872987,53.82
에너지및관련서비스,NFE,뉴 포트리스 에너지,0.3845,▲,0.005,0.0132,4942591,109827,-0.06
에너지및관련서비스,CAPL,크로스아메리카 파트너스,22.2,▲,0.23,0.0105,41560,847025,21.76
에너지및관련서비스,CRT,크로스 팀버스 로열티 트러스트,8.67,▲,0.09,0.0105,21390,52020,11.58
에너지및관련서비스,NC,나코 인더스트리스,51.79,▲,0.51,0.0099,20116,309642,22.04
화학,LOOP,루프 인더스트리,0.7902,▲,0.07,0.0972,66936,38230,-3.04
화학,SMG,스코츠 미러클 그로,68.54,▲,5.05,0.0795,1200848,3987787,27.75
화학,KWR,퀘이커 호턴,156.0,▲,9.49,0.0648,214148,2709158,-1114.29
화학,CC,케무어스,21.17,▲,1.21,0.0606,6212760,3183502,-8.24
화학,VVV,밸보라인,40.4,▲,2.08,0.0543,1950403,5152454,24.63
화학,CBT,캐보트,91.89,▲,4.4,0.0503,766977,4743490,15.26
화학,SCL,스테판,55.05,▲,2.3,0.0436,133747,1250367,26.85
화학,RPM,RPM 인터내셔널,109.7,▲,3.66,0.0345,882413,14000682,20.5
화학,SHW,셔윈 윌리엄스,333.12,▲,10.22,0.0317,2847704,82159384,32.47
화학,AXTA,엑솔타 코팅 시스템스,34.66,▲,1.02,0.0303,2343940,7417899,19.92
화학,NGVT,인제비티,74.75,▲,2.09,0.0288,223685,2599185,-16.21
화학,ECL,에코랩,276.29,▲,7.63,0.0284,1722486,77758505,37.95
건축자재,JHX,제임스 하디 인더스트리스,25.67,▲,1.39,0.0572,9050680,14896686,135.11
건축자재,EXP,이글 머티리얼스,233.65,▲,12.56,0.0568,460963,7218734,17.75
건축자재,VMC,벌칸 머티리얼스,307.29,▲,8.2,0.0274,1731321,39872414,37.89
건축자재,MLM,마틴 마리에타 머티리얼스,616.62,▲,12.44,0.0206,544862,37025503,32.85
건축자재,CRH,씨알에이치,112.02,▲,1.74,0.0158,5237925,74851786,20.33
건축자재,USLM,유나이티드 스테이츠 라임 앤드 미네랄스,107.18,▲,1.35,0.0128,177423,3074147,22.95
건축자재,RETO,리토 에코 솔루션스,2.63,▼,0.0,0.0,5180,8600,-0.03
건축자재,CPAC,세멘토스 파카스마요(ADR),11.99,▼,-0.02,-0.0017,77512,1016435,6.66
건축자재,CX,세멕스(ADR),12.02,▼,-0.14,-0.0115,3723706,18170584,321.39
건축자재,LOMA,로마 네그라 콤파니아 인더스트리얼 아르,11.44,▼,-0.76,-0.0623,1500495,1335009,0.06
금속및채광,CMP,컴퍼스 미네랄스 인터내셔널,29.23,▲,1.11,0.0395,561988,1226441,-15.3
금속및채광,MTRN,마테리언,269.62,▲,4.28,0.0161,467749,5608500,75.31
금속및채광,TX,테르니움(ADR),45.81,▲,0.45,0.0099,488966,8992855,20.82
금속및채광,MEC,메이빌 엔지니어링,34.39,▲,0.23,0.0067,437705,876739,-85.98
금속및채광,CRS,카펜터 테크놀로지,580.95,▲,2.83,0.0049,1004274,28864849,78.3
금속및채광,NUE,뉴코,240.52,▲,0.89,0.0037,1772572,54776265,31.98
금속및채광,MSB,메사비 트러스트,24.31,▲,0.05,0.0021,34858,318947,23.0
금속및채광,CMC,커머셜 메탈스,71.28,▲,0.14,0.002,1671338,7904025,96.32
금속및채광,SIM,그루포 시멕(ADR),30.13, ,0.0,0.0,39,4998657,8.32
금속및채광,HCC,워리어 멧 콜,85.79,▼,-0.32,-0.0037,558018,4529884,79.44
금속및채광,RS,릴라이언스,396.86,▼,-1.77,-0.0044,532967,20259108,28.39
금속및채광,ATI,ATI,198.6,▼,-1.0,-0.005,1873819,27102942,69.68
소재산업(기타),BCC,보이시 캐스케이드,77.66,▲,5.86,0.0816,431646,2732832,22.0
소재산업(기타),CLW,클리어워터 페이퍼,16.82,▲,1.2,0.0768,260690,271228,-14.63
소재산업(기타),LPX,루이지애나 퍼시픽,79.69,▲,5.52,0.0744,1863679,5567534,38.31
소재산업(기타),MYE,마이어스 인더스트리스,29.72,▲,1.8,0.0645,812569,1116203,31.96
소재산업(기타),GPK,그래픽 패키징 홀딩 컴퍼니,10.8,▲,0.57,0.0557,6181409,3195580,7.3
소재산업(기타),SON,소노코 프라덕츠,53.54,▲,2.75,0.0541,1276896,5293430,5.32
소재산업(기타),PACK,란팍 홀딩스,7.6,▲,0.38,0.0526,986204,650141,-16.89
소재산업(기타),OI,O I 글래스,9.56,▲,0.47,0.0517,3012363,1465548,-11.38
소재산업(기타),AMCR,앰코,42.11,▲,1.68,0.0416,3313266,19469390,36.83
소재산업(기타),GEF,그라이프,72.68,▲,2.73,0.039,235110,1800763,15.66
소재산업(기타),UFPT,UFP 테크놀로지스,242.95,▲,8.47,0.0361,233668,1879690,27.77
소재산업(기타),AVY,에이버리 데니슨,163.15,▲,5.29,0.0335,897333,12479409,18.56
우주항공및국방,ATRO,어스트로닉스,84.86,▲,2.16,0.0261,781008,2718940,125.72
우주항공및국방,AIR,AAR,135.0,▲,2.74,0.0207,511797,5368180,385.71
우주항공및국방,TDG,트랜스다임 그룹,1322.67,▲,24.99,0.0193,424703,73981695,41.23
우주항공및국방,DCO,듀코먼,165.31,▲,3.05,0.0188,226688,2493801,-72.82
우주항공및국방,SIF,SIFCO 인더스트리스,20.63,▲,0.35,0.0173,63376,129023,-171.92
우주항공및국방,BA,보잉,220.17,▲,3.46,0.016,4354330,173560451,88.78
우주항공및국방,ISSC,이노베이티브 솔루션스 앤드 서포트,16.64,▲,0.25,0.0153,300476,297735,18.91
우주항공및국방,MOGa,무그 A,404.9,▲,2.66,0.0066,252826,11514992,55.24
우주항공및국방,CAE,CAE,24.95,▲,0.1,0.004,529288,8022273,35.52
우주항공및국방,HEI,헤이코,335.3,▲,1.13,0.0034,375338,18498836,68.43
우주항공및국방,TXT,텍스트론,86.54,▲,0.14,0.0016,1846890,15048354,16.94
우주항공및국방,AIRI,에어 인더스트리스 그룹,3.02, ,0.0,0.0,10878,14649,-9.74
건설및건축제품,JELD,젤드 웬 홀딩,1.69,▲,0.17,0.1118,2094821,145596,-0.23
건설및건축제품,ROCK,지브롤터 인더스트리스,43.195,▲,3.875,0.0986,314991,1281246,-29.19
건설및건축제품,TREX,트렉스,49.36,▲,4.02,0.0887,2342349,5128455,27.73
건설및건축제품,OC,오웬스 코닝,134.17,▲,10.05,0.081,1572768,10804482,-21.57
건설및건축제품,MAS,매스코,78.05,▲,4.84,0.0661,2200864,15745339,20.22
건설및건축제품,WMS,어드밴스드 드레이니지 시스템,149.05,▲,8.88,0.0634,1083742,11423997,27.4
건설및건축제품,CSTE,시저스톤,1.93,▲,0.11,0.0604,96333,66734,-0.48
건설및건축제품,LII,레녹스 인터내셔널,551.75,▲,28.16,0.0538,454363,19200900,24.21
건설및건축제품,IESC,IES 홀딩스,747.49,▲,36.95,0.052,448231,14892916,49.77
건설및건축제품,GFF,그리폰,94.86,▲,4.53,0.0501,438366,4350906,87.03
건설및건축제품,AOS,A O 스미스,60.18,▲,2.74,0.0477,1703327,6738054,15.63
건설및건축제품,APOG,애퍼지 엔터프라이지스,42.0782,▲,1.908,0.0475,263538,898412,16.7
기계및전기장비,RUN,선런,15.07,▲,2.26,0.1764,53478742,3594933,8.81
기계및전기장비,SWK,스탠리 블랙 앤 데커,89.66,▲,5.85,0.0698,2383631,13938185,33.83
기계및전기장비,BE,블룸 에너지,341.78,▲,19.8,0.0615,11015343,97217270,-923.73
기계및전기장비,WNC,와바시 내셔널,13.35,▲,0.75,0.0595,1799993,542998,2.63
기계및전기장비,OSK,오시코시,147.0,▲,7.48,0.0536,463221,9165641,14.67
기계및전기장비,GHM,그레이엄,115.32,▲,5.55,0.0506,310594,1348218,102.96
기계및전기장비,GNRC,제네락 홀딩스,287.81,▲,13.27,0.0483,811803,16943001,106.99
기계및전기장비,ASTE,애스텍 인더스트리스,59.06,▲,2.38,0.042,164650,1357943,35.15
기계및전기장비,TEX,테렉스,70.67,▲,2.73,0.0402,1917091,8070514,21.22
기계및전기장비,WTS,와츠 워터 테크놀로지스,355.03,▲,13.6,0.0398,446873,9754307,34.91
기계및전기장비,TTC,더 토로 컴퍼니,94.78,▲,3.62,0.0397,1326270,9025852,29.9
기계및전기장비,OFLX,오메가 플렉스,30.76,▲,1.16,0.0392,66527,310501,20.93
복합기업,CSL,칼라일,378.99,▲,26.11,0.074,521265,15335868,22.14
복합기업,GE,GE에어로스페이스,365.55,▲,9.08,0.0255,6453721,381392937,44.91
복합기업,MMM,3M,165.91,▲,4.07,0.0251,4555993,86533181,27.65
복합기업,IEP,아이칸 엔터프라이지스,7.23,▼,-0.05,-0.0069,561606,4858929,-13.9
무역회사,BXC,블루링스 홀딩스,60.7,▲,5.95,0.1087,244582,472392,3035.0
무역회사,SITE,사이트원 랜드스케이프 서플라이,111.53,▲,6.13,0.0582,949111,4941694,33.09
무역회사,RUSHA,러시 엔터프라이지스 A,72.23,▲,2.64,0.0379,624449,4405821,22.09
무역회사,TITN,타이탄 머시너리,20.99,▲,0.74,0.0365,170649,489113,-8.82
무역회사,RUSHB,러시 엔터프라이지스 B,74.49,▲,2.55,0.0354,58798,1245115,22.78
무역회사,WSO,와츠코,400.98,▲,13.26,0.0342,300708,14040956,32.73
무역회사,WLFC,윌리스 리스 파이낸스,215.76,▲,5.27,0.025,249336,1513367,14.02
무역회사,URI,유나이티드 렌탈스,1083.72,▲,20.58,0.0194,503988,67891373,28.07
무역회사,GWW,WW 그레인저,1342.57,▲,22.09,0.0167,942501,63386892,37.93
무역회사,DXPE,DXP 엔터프라이지스,167.91,▲,2.41,0.0146,267784,2603495,31.27
무역회사,FAST,패스널,46.26,▲,0.66,0.0145,7743844,53108330,42.44
무역회사,IGC,IGC 파머,0.2684,▲,0.003,0.0128,307438,26864,-2.98
상업및전문서비스,VIRC,버코 매뉴팩처링,6.75,▲,0.58,0.094,130751,106174,42.19
상업및전문서비스,HNI,HNI,37.33,▲,3.08,0.0899,859684,2687495,33.63
상업및전문서비스,FORR,포레스터 리서치,7.97,▲,0.62,0.0844,164747,154714,-1.27
상업및전문서비스,TILE,인터페이스,34.5,▲,2.09,0.0645,443298,2002939,17.6
상업및전문서비스,CWST,카셀라 웨이스트 시스템스,91.24,▲,5.06,0.0587,1397855,5713604,760.33
상업및전문서비스,PBI,피트니 보우스,17.9079,▲,0.857,0.0503,1908914,2425464,21.32
상업및전문서비스,BV,브라이트뷰 홀딩,14.03,▲,0.64,0.0478,1007482,1307596,107.92
상업및전문서비스,HCSG,헬스케어 서비시스 그룹,23.6,▲,0.95,0.0419,882860,1620027,29.14
상업및전문서비스,RBA,RB 글로벌,112.55,▲,4.09,0.0377,1582034,20968065,55.17
상업및전문서비스,DLX,딜럭스,23.5,▲,0.85,0.0375,443264,1075926,13.06
상업및전문서비스,TBI,트루블루,6.66,▲,0.22,0.0342,253559,202491,-4.14
상업및전문서비스,EFX,에퀴팩스,157.61,▲,5.08,0.0333,2035812,18766938,29.63
항공사및항공운송,UAL,유나이티드 에어라인스 홀딩스,131.36,▲,9.81,0.0807,10086783,42635515,12.88
항공사및항공운송,AAL,아메리칸 에어라인스 그룹,17.36,▲,1.22,0.0756,207236888,11481644,-5.26
항공사및항공운송,JBLU,제트블루 에어웨이스,5.8,▲,0.27,0.0488,30603140,2157710,-3.49
항공사및항공운송,ALK,알래스카 에어 그룹,51.56,▲,2.35,0.0478,3437882,5745279,62.12
항공사및항공운송,DAL,델타 에어라인스,90.64,▲,3.92,0.0452,9590620,59549936,11.83
항공사및항공운송,ALGT,얼리전트 트래블,107.32,▲,3.78,0.0365,694316,2884300,-43.27
항공사및항공운송,CPA,코파 홀딩스,156.86,▲,4.93,0.0324,387357,4737235,9.64
항공사및항공운송,LUV,사우스웨스트 에어라인스,50.92,▲,1.51,0.0306,11216863,24888372,64.46
항공사및항공운송,SKYW,스카이웨스트,96.7,▲,2.84,0.0303,553052,3835151,9.34
항공사및항공운송,FWRD,포워드 에어,13.39,▲,0.31,0.0237,629671,423459,-3.81
항공사및항공운송,RYAAY,라이언에어 홀딩스(ADR),63.73,▲,1.37,0.022,1392967,33163499,13.72
항공사및항공운송,RLGT,레이디언트 로지스틱스,9.09,▲,0.05,0.0055,124834,425700,25.97
해운,EDRY,유로드라이,24.11,▲,0.93,0.0401,71699,67427,-15.55
해운,GLBS,글로버스 마리타임,3.16,▲,0.1,0.0327,362717,68200,-39.5
해운,DSX-B,다이애나 시핑 우선주 B(8.875%),27.76,▲,0.3,0.0109,2653,72176,
해운,SB-C,세이프 벌커스 우선주 C(8.000% 누적 상환,26.11,▲,0.24,0.0093,509,60053,
해운,GSL-B,글로벌 십 리스 우선주 B(8.750%),27.08,▲,0.216,0.0081,4297,37912,
해운,CMRE-C,코스타마레 우선주 C(8.500%),26.8599,▲,0.134,0.005,2624,107440,
해운,DAC,다나오스,127.76,▲,0.26,0.002,132524,2325679,4.77
해운,CMRE_pb,코스타마레 우선주 B(7.625%),25.9538,▲,0.023,0.0009,426,51908,
해운,SB-D,세이프 벌커스 우선주 D(8.000% 누적 상환,26.02,▲,0.02,0.0008,608,83264,
해운,CMRE-D,코스타마레 우선주 D(8.750%),28.24,▼,-0.005,-0.0002,2184,112960,
해운,MATX,맷슨,195.59,▼,-0.17,-0.0009,371115,5919199,14.16
해운,CTRM,캐스터 마리타임,2.09,▼,-0.01,-0.0048,25575,20194,5.81
운송인프라(도로선로),UBER,우버 테크놀로지스,74.1,▲,4.43,0.0636,34823296,150837960,15.67
운송인프라(도로선로),LYFT,리프트,14.45,▲,0.63,0.0456,16122118,5486419,2.12
운송인프라(도로선로),ULH,유니버설 로지스틱스 홀딩스,15.13,▲,0.49,0.0335,49954,398974,-3.99
운송인프라(도로선로),ASR,그루포 아에로포르투아리오 델 수레스테(A,302.31,▲,6.3,0.0213,74177,8375499,14.85
운송인프라(도로선로),ARCB,아크베스트,145.5,▲,1.76,0.0122,439176,3239383,55.53
운송인프라(도로선로),CNI,캐나디안 내셔널 레일웨이,115.91,▲,1.01,0.0088,1991872,70311006,20.79
운송인프라(도로선로),KNX,나이트 스위프트 트랜스포테이션 홀딩스,74.52,▲,0.52,0.007,3651061,12109053,181.76
운송인프라(도로선로),ODFL,올드 도미니언 프레이트 라인,219.04,▲,1.46,0.0067,1720923,45553311,45.26
운송인프라(도로선로),PAC,그루포 아에로포르투아리오 델 파시피코(A,245.58,▲,1.48,0.0061,147108,10547317,22.5
운송인프라(도로선로),UNP,유니언 퍼시픽,259.96,▲,1.35,0.0052,3236851,154341631,21.7
운송인프라(도로선로),NSC,노퍽서던,303.82,▲,0.43,0.0014,984759,68236149,23.83
운송인프라(도로선로),LSTR,랜드스타 시스템,207.68,▲,0.18,0.0009,496126,7046209,62.74
자동차,NIU,NIU 테크놀로지(ADR),2.06,▲,0.09,0.0457,549219,71784,-28.1
자동차,THO,소어 인더스트리스,75.49,▲,2.64,0.0362,772239,3929813,15.6
자동차,HMC,혼다 모터스(ADR),26.04,▲,0.46,0.018,2120728,33787598,-13.2
자동차,RACE,페라리,348.75,▲,3.88,0.0113,395539,61559186,32.92
자동차,GM,제너럴 모터스,78.95, ,0.0,0.0,9358993,71186452,24.14
자동차,TM,토요타 모터스(ADR),167.19,▼,-0.04,-0.0002,504936,197970783,9.09
자동차,HOG,할리 데이비슨,25.55,▼,-0.03,-0.0012,1821878,2689597,9.19
자동차,F,포드 모터,13.9,▼,-0.1,-0.0071,51674976,54402376,-6.75
자동차,TSLA,테슬라,373.95,▼,-7.66,-0.0201,37081421,1404451494,346.25
자동차,WGO,위니바고 인더스트리,27.27,▼,-1.01,-0.0357,2447887,770808,29.97
자동차,NIO,니오(ADR),4.86,▼,-0.23,-0.0452,25703871,11303259,-4.84
자동차관련부품,GT,굿이어 타이어 앤드 러버,6.29,▲,0.39,0.0661,11192569,1807991,-1.05
자동차관련부품,FOXF,폭스 팩토리 홀딩,18.51,▲,0.96,0.0547,367735,776237,-1.42
자동차관련부품,DORM,도먼 프라덕츠,133.0,▲,4.85,0.0378,336255,3974412,20.03
자동차관련부품,LCII,LCI 인더스트리스,94.14,▲,1.88,0.0204,450988,2286209,12.44
자동차관련부품,VC,비스티언,118.16,▲,2.34,0.0202,655270,3154163,16.23
자동차관련부품,ALV,오토리브,118.9,▲,2.26,0.0194,786766,8901246,12.45
자동차관련부품,SMP,스탠더드 모터 프라덕츠,39.43,▲,0.68,0.0175,195940,877842,21.43
자동차관련부품,SRI,스톤리지,6.97,▲,0.1,0.0146,259911,196799,-1.88
자동차관련부품,GNTX,젠텍스,25.04,▲,0.29,0.0117,2940981,5332318,14.39
자동차관련부품,KNDI,칸디 테크놀로지스 그룹,0.62,▲,0.006,0.0104,115697,62257,-0.55
자동차관련부품,THRM,젠섬,35.39,▲,0.33,0.0094,298866,1085316,59.98
자동차관련부품,SYPR,사이프리스 솔루션스,2.4,▲,0.02,0.0084,40570,55227,-8.57
섬유의복및호화제품,LAKE,레이크랜드 인더스트리스,10.97,▲,0.55,0.0528,248557,108265,-4.17
섬유의복및호화제품,UAA,언더 아머 A,6.06,▲,0.28,0.0484,10460064,1144370,-5.22
섬유의복및호화제품,UA,언더 아머 C,5.88,▲,0.27,0.0481,3618736,1193846,-5.07
섬유의복및호화제품,WWW,울버린 월드 와이드,17.51,▲,0.75,0.0447,941676,1435636,15.36
섬유의복및호화제품,UFI,유니피,4.67,▲,0.17,0.0378,79443,86803,-4.21
섬유의복및호화제품,LULU,룰루레몬 애슬레티카,113.0,▲,4.08,0.0375,3598402,12253494,8.52
섬유의복및호화제품,CRWS,크라운 크래프츠,2.86,▲,0.08,0.0288,69040,30596,-3.18
섬유의복및호화제품,GIL,질단 액티브웨어,54.08,▲,1.32,0.025,1398345,10014588,20.72
섬유의복및호화제품,GIII,G III 어패럴 그룹,34.4,▲,0.78,0.0232,618407,1451357,22.78
섬유의복및호화제품,VFC,VF 코퍼레이션,17.3,▲,0.39,0.0231,6907043,6777621,27.03
섬유의복및호화제품,DECK,덱커 아웃도어,105.7,▲,2.07,0.02,1790709,14679722,15.06
섬유의복및호화제품,RL,랄프 로렌,414.25,▲,7.24,0.0178,541307,15590340,27.42
가정용내구재,NWL,뉴웰 브랜즈,5.56,▲,0.44,0.0859,11138229,2362444,-8.18
가정용내구재,HELE,헬렌 오브 트로이,27.92,▲,1.94,0.0747,561720,649355,-0.71
가정용내구재,LENb,레나 B,91.17,▲,6.14,0.0722,64481,2831184,11.42
가정용내구재,LCUT,라이프타임 브랜즈,8.9245,▲,0.514,0.0612,74619,203969,-7.2
가정용내구재,WHR,월풀,38.08,▲,1.89,0.0522,2201281,2468464,6.73
가정용내구재,LEG,레겟 앤드 플랫,11.44,▲,0.52,0.0476,5912193,1560782,6.77
가정용내구재,VIOT,비오미 테크놀로지(ADR),0.8598,▲,0.037,0.046,100606,28431,2.92
가정용내구재,LZB,레이지보이,41.85,▲,1.55,0.0385,790275,1669706,16.94
가정용내구재,BSET,바셋 퍼니처 인더스트리스,16.32,▲,0.52,0.0329,97197,141123,23.31
가정용내구재,HOVNP,호브내니언 엔터프라이지스 우선주 A,20.74,▲,0.55,0.0272,6045,3038767,
가정용내구재,FLXS,플렉스스틸 인더스트리스,67.86,▲,1.47,0.0221,50353,363426,19.12
가정용내구재,UEIC,유니버설 일렉트로닉스,4.25,▲,0.08,0.0192,38017,53679,-3.01
레져서비스및제품,WEN,웬디스 컴퍼니,8.7,▲,2.445,0.3909,210481933,1657185,10.24
레져서비스및제품,JACK,잭 인 더 박스,13.54,▲,1.96,0.1693,1619281,258257,-3.19
레져서비스및제품,RRGB,레드 로빈 고메 버거스,6.62,▲,0.72,0.122,401413,122468,-5.05
레져서비스및제품,NDLS,누들스 앤드 컴퍼니,14.81,▲,1.14,0.0834,80513,87261,-2.01
레져서비스및제품,PLAY,데이브 앤드 버스터스 엔터테인먼트,12.09,▲,0.82,0.0728,1359775,420595,-8.64
레져서비스및제품,LOCO,엘 폴로 로코 홀딩스,16.23,▲,0.75,0.0484,195048,494290,18.03
레져서비스및제품,MCFT,마스터크래프트 보트 홀딩스,24.93,▲,1.15,0.0484,259029,609172,57.98
레져서비스및제품,LIND,린드블라드 익스페디션스 홀딩스,26.98,▲,1.21,0.047,1582460,1769114,-42.83
레져서비스및제품,MBUU,말리부 보츠,27.34,▲,1.22,0.0467,431877,536876,35.97
레져서비스및제품,HGV,힐튼 그랜드 베이케이션스,54.67,▲,2.33,0.0445,1312768,4333445,61.43
레져서비스및제품,BC,브런스윅,84.85,▲,3.61,0.0444,949737,5513078,-40.79
레져서비스및제품,CBRL,크래커 배럴 올드 컨트리 스토어,48.38,▲,1.92,0.0413,860745,1081366,23.49
소비자서비스,BFAM,브라이트 호라이즌 패밀리 솔루션스,67.92,▲,2.08,0.0316,1169273,3573047,20.21
소비자서비스,HRB,H&R 블록,37.0,▲,1.13,0.0315,1479213,4690120,8.43
소비자서비스,LRN,스트라이드,84.81,▲,1.83,0.0221,675562,3606528,14.25
소비자서비스,GHC,그레이엄 홀딩스,1172.86,▲,24.36,0.0212,15936,3920965,17.64
소비자서비스,AFYA,AFYA,14.59,▲,0.23,0.016,123301,748372,8.9
소비자서비스,LINC,링컨 에듀케이셔널 서비시스,47.85,▲,0.74,0.0157,324153,1517835,74.77
소비자서비스,SCI,서비스 코퍼레이션 인터내셔널,75.0,▲,1.1,0.0149,1315879,10361025,19.74
소비자서비스,LOPE,그랜드 캐니언 에듀케이션,144.65,▲,1.49,0.0104,349582,3835293,18.76
소비자서비스,AMBO,엠보우 에듀케이션 홀딩(ADR),2.29,▲,0.02,0.0088,34764,6002,33.09
소비자서비스,LAUR,로리어트 에듀케이션,36.85,▲,0.27,0.0074,1142673,5158189,19.5
소비자서비스,APEI,아메리칸 퍼블릭 에듀케이션,52.13,▲,0.34,0.0066,321639,956247,37.24
소비자서비스,FEDU,포 시즌스 에듀케이션(ADR),10.5, ,0.0,0.0,19,23745,5.29
미디어,LILAK,리버티 라틴 아메리카 C,6.55,▲,0.67,0.1139,2717643,1055205,-2.14
미디어,LILA,리버티 라틴 아메리카 A,6.6,▲,0.65,0.1092,1709700,249480,-2.16
미디어,ANGI,앤지,5.3,▲,0.47,0.0973,983183,214374,5.64
미디어,TRVG,트리바고(ADR),5.14,▲,0.32,0.0664,121054,118859,29.57
미디어,TRIP,트립어드바이저,13.04,▲,0.65,0.0525,3473537,1517347,42.06
미디어,CARS,카스닷컴,10.3,▲,0.46,0.0467,591364,575801,32.19
미디어,CRTO,크리테오(ADR),18.12,▲,0.76,0.0438,340741,907778,6.86
미디어,ATHM,오토홈(ADR),19.1,▲,0.73,0.0397,1406094,2211012,11.03
미디어,EVER,에버쿼트,21.57,▲,0.82,0.0395,480257,685257,8.2
미디어,CREX,크리에이티브 리얼리티스,3.95,▲,0.14,0.0367,8867,41741,-4.88
미디어,MCHX,마첵스 B,1.53,▲,0.05,0.0338,12647,60680,-12.75
미디어,TTGT,테크타겟,3.7,▲,0.11,0.0306,520669,267508,-0.26
도/소매,RH,알에이치,158.09,▲,16.35,0.1154,1118071,2988059,25.05
도/소매,MMYT,메이크마이트립,51.68,▲,5.11,0.1097,3013212,4629055,62.27
도/소매,FND,플로어 앤드 데코 홀딩스,56.94,▲,5.48,0.1065,3375059,6154872,29.66
도/소매,W,웨이페어,92.79,▲,7.94,0.0936,5225778,10301453,-38.03
도/소매,GRPN,그루폰,18.32,▲,1.56,0.0931,1744750,695867,-8.81
도/소매,RVLV,리볼브 그룹,22.94,▲,1.79,0.0846,851686,950000,26.67
도/소매,SBH,샐리 뷰티 홀딩스,14.32,▲,1.0,0.0751,2360557,1366250,7.58
도/소매,YTRA,야트라 온라인,0.95,▲,0.065,0.0743,31429,57314,-49.22
도/소매,KSS,콜스,18.82,▲,1.29,0.0736,5732611,2134188,7.91
도/소매,EXPE,익스피디아 그룹,262.1,▲,17.03,0.0695,3038257,30010188,26.72
도/소매,HZO,마린맥스,37.08,▲,2.29,0.0658,359642,816806,-25.93
도/소매,BKNG,부킹 홀딩스,179.8,▲,10.86,0.0643,13956105,139323064,27.15
음식료및담배생산,FTFT,퓨처 핀테크 그룹,0.7069,▲,0.046,0.0711,141919,4151,-0.31
음식료및담배생산,TPB,터닝 포인트 브랜즈,84.74,▲,4.56,0.0569,585110,1641202,27.25
음식료및담배생산,FAMI,팜미,1.19,▲,0.05,0.0439,22539,16435,-0.04
음식료및담배생산,NOMD,노마드 푸즈,10.65,▲,0.44,0.0431,1831672,1488774,10.23
음식료및담배생산,LWAY,라이프웨이 푸즈,29.75,▲,1.14,0.0398,431035,454637,33.43
음식료및담배생산,SMPL,심플리 굿 푸즈,12.63,▲,0.47,0.0387,1769718,1142876,12.38
음식료및담배생산,SENEA,세네카 푸즈 A,166.48,▲,5.55,0.0345,194039,869232,10.03
음식료및담배생산,JJSF,제이앤제이 스낵 푸즈,74.91,▲,2.44,0.0337,310979,1404817,22.29
음식료및담배생산,JBSS,존 비 샌필리포 앤드 선,84.28,▲,2.63,0.0322,107192,766053,16.76
음식료및담배생산,FDP,프레쉬 델몬트 프로듀스,28.7,▲,0.84,0.0302,770218,1365448,15.27
음식료및담배생산,BFa,브라운 포맨 A,28.07,▲,0.82,0.0301,185594,4729262,18.35
음식료및담배생산,HRL,호멜 푸즈,25.35,▲,0.63,0.0255,6409525,13950485,29.14
가정및개인용품,WDFC,WD-40,244.0,▲,16.81,0.074,280535,3283118,36.47
가정및개인용품,IPAR,인터파퓸스,104.25,▲,4.83,0.0486,242836,3338690,19.9
가정및개인용품,NHTC,내추럴 헬스 트렌즈,1.74,▲,0.08,0.0482,46619,14925,-21.75
가정및개인용품,ODC,오일 드리 코퍼레이션 오브 아메리카,98.97,▲,4.23,0.0446,159782,1014878,26.75
가정및개인용품,ENR,에너자이저 홀딩스,22.52,▲,0.93,0.0431,1379691,1542023,6.78
가정및개인용품,CENT,센트럴 가든 앤드 펫,45.15,▲,1.86,0.043,85904,435707,17.71
가정및개인용품,CENTA,센트럴 가든 앤드 펫 A,39.54,▲,1.62,0.0427,508353,2029122,15.51
가정및개인용품,USNA,유사나 헬스 사이언시스,19.94,▲,0.74,0.0385,77234,368152,34.38
가정및개인용품,SPB,스펙트럼 브랜즈 홀딩스,86.21,▲,2.74,0.0328,441098,1999581,22.33
가정및개인용품,CLX,크로락스,95.38,▲,2.74,0.0296,2103461,11533445,14.63
가정및개인용품,SXTC,차이나 SXT 파머슈티컬스,2.54,▲,0.06,0.0242,30332,97074,-0.01
가정및개인용품,CHD,처치 앤드 드와이트,98.67,▲,2.19,0.0227,1950868,23379264,32.67
음식료소매,GO,그로서리 아웃렛 홀딩스,9.94,▲,0.47,0.0496,2227607,983292,-4.32
음식료소매,KR,크로거,58.82,▲,1.77,0.031,8166514,36266118,38.19
음식료소매,VLGEA,빌리지 슈퍼 마켓,43.02,▲,0.98,0.0233,56377,459643,11.29
음식료소매,PFGC,퍼포먼스 푸드 그룹,106.43,▲,2.04,0.0195,1309158,16719089,48.82
음식료소매,ANDE,앤더슨스,72.05,▲,1.27,0.0179,265544,2453598,25.82
음식료소매,SYY,시스코,80.68,▲,1.4,0.0177,3804320,38579804,21.63
음식료소매,WMK,웨이스 마케츠,80.36,▲,1.36,0.0172,297095,1988476,22.02
음식료소매,NGVC,내추럴 그로서스 바이 바이타민 코티지,32.69,▲,0.52,0.0162,124912,753204,16.35
음식료소매,CHEF,셰프스 웨어하우스,95.63,▲,1.45,0.0154,455045,3899562,56.92
음식료소매,PSMT,프라이스스마트,188.315,▲,2.655,0.0143,330087,5818161,39.07
음식료소매,USFD,US 푸즈 홀딩,95.35,▲,1.34,0.0143,1867241,20998168,32.43
음식료소매,IMKTA,잉글스 마켓,90.18,▲,1.15,0.0129,144394,1312011,20.5
건강관리장비및서비스,AMS,아메리칸 셰어드 호스피털 서비시스,1.69,▲,0.22,0.1497,2051553,11196,-7.35
건강관리장비및서비스,NDRA,엔드라 라이프 사이언시스,6.08,▲,0.77,0.145,58077,7722,-0.68
건강관리장비및서비스,SRTS,센서스 헬스케어,3.03,▲,0.29,0.1058,119507,49880,-6.45
건강관리장비및서비스,RVP,리트랙터블 테크놀로지스,0.7435,▲,0.056,0.0824,114991,22258,-1.73
건강관리장비및서비스,XTNT,엑스턴트 메디컬 홀딩스,0.4605,▲,0.033,0.0772,61542,64591,15.35
건강관리장비및서비스,ANGO,앤지오다이내믹스,13.2633,▲,0.893,0.0722,408568,548025,-15.98
건강관리장비및서비스,TMDX,트랜스메딕스 그룹,78.41,▲,4.58,0.062,972032,2709920,16.1
건강관리장비및서비스,BKD,브룩데일 시니어 리빙,14.69,▲,0.85,0.0614,6847412,3507825,-13.12
건강관리장비및서비스,CTSO,사이토소벤츠,0.4543,▲,0.025,0.059,580854,28549,-3.49
건강관리장비및서비스,GH,가단트 헬스,138.5,▲,7.67,0.0586,3857140,18365100,-41.72
건강관리장비및서비스,ICUI,ICU 메디컬,142.95,▲,7.43,0.0548,322704,3572835,4765.0
건강관리장비및서비스,DHR,다나허,188.67,▲,9.7,0.0542,5646978,133535155,37.36
제약,AMPH,앰퍼스타 파머슈티컬스,21.02,▲,1.49,0.0763,701214,926833,10.35
제약,MDWD,메디운드,14.85,▲,0.78,0.0554,94475,190759,-7.07
제약,JAGX,재규어 헬스,2.68,▲,0.12,0.0469,94471,1616,
제약,PAHC,피브로 애니멀 헬스,31.69,▲,1.16,0.038,207022,667667,26.63
제약,PRGO,페리고,9.85,▲,0.36,0.0379,2744037,1362925,-0.96
제약,CPIX,컴벌랜드 파머슈티컬스,6.05,▲,0.22,0.0377,64256,90648,-31.84
제약,BHC,바슈 헬스 컴퍼니스,4.98,▲,0.18,0.0375,2353316,1859909,11.86
제약,EOLS,에볼러스,6.98,▲,0.24,0.0356,603131,459666,-8.73
제약,VRCA,베리카 파머슈티컬스,5.85,▲,0.2,0.0354,24149,100496,-3.48
제약,ELAN,엘란코 애니멀 헬스,23.96,▲,0.78,0.0336,3953780,11966822,-50.98
제약,ORMP,오라메드 파머슈티컬스,4.3,▲,0.13,0.0312,207887,175982,2.87
제약,TEVA,테바 파머슈티컬 인더스트리스(ADR),34.21,▲,1.0,0.0301,7249291,39842334,28.27
바이오,GALT,갈렉틴 테라퓨틱스,3.92,▲,0.8,0.2564,2052252,258159,-8.17
바이오,QTRX,퀀테릭스,3.78,▲,0.56,0.1739,1622233,178061,-1.51
바이오,AQB,아쿠아바운티 테크놀로지스,1.18,▲,0.16,0.1569,257407,6074,-0.25
바이오,MYGN,미리아드 제네틱스,5.22,▲,0.59,0.1274,1924886,493020,-1.32
바이오,ADPT,어댑티브 바이오테크놀로지스,19.4,▲,2.17,0.1259,5523583,3104854,-49.74
바이오,NEO,니오지노믹스,12.9,▲,1.43,0.1247,6051095,1679735,-15.36
바이오,PSNL,퍼스널리스,11.3,▲,1.24,0.1233,5960048,1183347,-12.42
바이오,NTRA,나테라,261.86,▲,27.1,0.1154,2941675,37502280,-172.28
바이오,ICLR,아이콘,158.17,▲,15.5,0.1086,2406490,12110650,54.54
바이오,RGEN,레플리젠,138.0,▲,11.63,0.092,1421051,7784263,160.47
바이오,PACB,퍼시픽 바이오사이언시스 캘리포니아,1.43,▲,0.12,0.0916,6200663,444161,-0.79
바이오,VKTX,바이킹 테라퓨틱스,37.86,▲,3.05,0.0876,5579508,4395773,-11.87
상업은행,CWBC,커뮤니티 웨스트 뱅크셰어스,26.87,▲,1.13,0.0439,1158152,729096,17.79
상업은행,IBN,ICICI 뱅크(ADR),29.25,▲,0.93,0.0328,7532953,104896204,18.38
상업은행,CBU,커뮤니티 파이낸셜 시스템스,66.6,▲,2.02,0.0313,543356,3500156,16.78
상업은행,CFFI,C&F 파이낸셜,81.45,▲,2.33,0.0294,5601,265068,9.83
상업은행,RBB,RBB 뱅코프,26.6,▲,0.75,0.029,352865,450495,14.54
상업은행,SBFG,SB 파이낸셜 그룹,23.81,▲,0.66,0.0285,77287,149411,10.87
상업은행,UNTY,유니티 뱅코프,58.14,▲,1.59,0.0281,58669,583778,10.25
상업은행,BKU,뱅크유나이티드,50.43,▲,1.31,0.0267,2138880,3665338,14.29
상업은행,TBBK,뱅코프,60.65,▲,1.48,0.025,559453,2525126,12.33
상업은행,CVBF,CVB 파이낸셜,22.05,▲,0.5,0.0232,2601334,3890833,14.51
상업은행,ORRF,오스타운 파이낸셜 서비시스,40.67,▲,0.92,0.0231,258558,799076,9.73
상업은행,NRIM,노스림 뱅코프,26.68,▲,0.59,0.0226,188567,593491,9.3
보험,EHTH,이헬스,1.78,▲,0.2,0.1266,861162,56499,-5.24
보험,GSHD,구스헤드 인슈어런스,43.4,▲,3.34,0.0834,572250,1027308,41.73
보험,DGICB,더니골 그룹 B,21.14,▲,1.119,0.0559,939,117898,9.7
보험,CRDb,크로우포드 앤드 컴퍼니 B,11.15,▲,0.51,0.0479,3838,211251,28.59
보험,ERIE,이리 인뎀너티,229.53,▲,8.41,0.038,231697,10601784,21.47
보험,JRVR,제임스 리버 그룹 홀딩스,4.16,▲,0.14,0.0348,357329,192346,5.27
보험,KINS,킹스톤,17.75,▲,0.55,0.032,168304,257105,6.16
보험,OXBR,옥스브리지 리 홀딩스,0.9799,▲,0.029,0.0315,43570,7939,-3.5
보험,HRTG,헤리티지 인슈어런스 홀딩스,25.54,▲,0.59,0.0236,581960,775136,4.04
보험,PLMR,팔로마 홀딩스,118.8,▲,2.72,0.0234,252148,3148663,16.57
보험,BRO,브라운 앤드 브라운,61.8,▲,1.4,0.0232,4583568,20946986,19.56
보험,AJG,아서 갤러거 앤드 컴퍼니,220.76,▲,4.98,0.0231,3195786,56713244,38.46
REIT및부동산관리개발,KBH,KB 홈,61.86,▲,9.13,0.1731,4573582,3875418,10.06
REIT및부동산관리개발,HOV,호브내니언 엔터프라이지스,141.8,▲,14.31,0.1122,187920,719166,19.08
REIT및부동산관리개발,LGIH,LGI 홈스,62.2813,▲,6.221,0.111,634150,1446938,19.96
REIT및부동산관리개발,CCS,센추리 커뮤니티스,69.21,▲,6.43,0.1024,488678,1991123,14.24
REIT및부동산관리개발,INTG,인터그룹,47.32,▲,3.9,0.0898,54872,101682,-19.16
REIT및부동산관리개발,MTH,메리티지 홈스,82.39,▲,6.79,0.0898,1433685,5495611,12.97
REIT및부동산관리개발,IBP,인스톨드 빌딩 프라덕츠,227.08,▲,16.4,0.0778,585049,6117694,23.39
REIT및부동산관리개발,IRS,IRSA 인베르시오네스 이 레프레젠타시오네,17.4,▲,1.23,0.0761,97547,1472242,0.01
REIT및부동산관리개발,PHM,풀티 그룹,135.71,▲,9.16,0.0724,4117273,25850855,12.2
REIT및부동산관리개발,MHO,M-I 홈스,158.83,▲,10.18,0.0685,490861,4064476,10.78
REIT및부동산관리개발,TOL,톨 브라더스,161.03,▲,10.07,0.0667,1446596,15051635,11.94
REIT및부동산관리개발,DHI,닥터 호턴,166.04,▲,9.96,0.0638,3564499,47085623,14.35
금융서비스,AIHS,센미아오 테크놀로지,1.44,▲,0.13,0.0992,276092,6563,-0.41
금융서비스,NAVI,내비언트,8.43,▲,0.45,0.0564,1116743,792331,-10.41
금융서비스,JFIN,자인 그룹(ADR),3.01,▲,0.16,0.0561,200964,76242,0.7
금융서비스,WRLD,월드 억셉턴스,194.76,▲,10.13,0.0549,117852,903749,28.31
금융서비스,GRNQ,그린프로 캐피털,1.62,▲,0.079,0.0515,9084,29214,-4.38
금융서비스,TREE,렌딩트리,38.21,▲,1.47,0.04,444458,533144,3.54
금융서비스,GCBC,그린 카운티 뱅코프,29.84,▲,1.13,0.0394,61301,508041,16.31
금융서비스,PFSI,페니맥 파이낸셜 서비시스,83.35,▲,3.11,0.0388,680067,4327940,8.96
금융서비스,ATLC,애틀랜티쿠스 홀딩스,105.06,▲,3.7,0.0365,220500,1588297,17.63
금융서비스,WD,워커 앤드 던롭,53.0,▲,1.85,0.0362,293120,1819554,32.32
금융서비스,YRD,이렌 디지털(ADR),1.1287,▲,0.038,0.0355,104873,98581,12.34
금융서비스,CNNE,칸나에 홀딩스,14.26,▲,0.47,0.0341,367526,626592,-1.57
반도체및반도체장비,MU,마이크론 테크놀로지,1208.0,▲,156.23,0.1485,68935710,1362297840,159.16
반도체및반도체장비,QCOM,퀄컴,219.5,▲,15.37,0.0753,25519633,231353000,43.81
반도체및반도체장비,SIMO,실리콘 모션 테크놀로지(ADR),341.0,▲,22.0,0.069,831761,11444373,93.68
반도체및반도체장비,UMC,유엠씨(ADS),27.96,▲,1.76,0.0672,24354599,70330584,53.7
반도체및반도체장비,INTT,인테스트,18.6906,▲,1.12,0.0638,206895,234842,-89.0
반도체및반도체장비,ACMR,ACM 리서치,105.33,▲,6.21,0.0627,1729081,6753517,76.88
반도체및반도체장비,AMAT,어플라이드 머티어리얼즈,622.14,▲,36.26,0.0619,10726663,493953652,71.84
반도체및반도체장비,LRCX,램 리서치,392.65,▲,21.32,0.0574,12016719,491036310,94.61
반도체및반도체장비,TER,테라다인,441.72,▲,21.6,0.0514,3256557,69147732,127.3
반도체및반도체장비,POWI,파워 인티그레이션,84.66,▲,4.09,0.0508,977859,4717255,217.08
반도체및반도체장비,PDFS,PDF 솔루션스,63.56,▲,3.02,0.0499,884261,2617560,-3178.0
반도체및반도체장비,SQNS,시퀀스 커뮤니케이션스(ADR),3.11,▲,0.14,0.0471,85345,47358,-0.24
소프트웨어및IT서비스,DOMO,도모,2.77,▲,0.53,0.2366,5904241,116027,-1.91
소프트웨어및IT서비스,WYY,와이드포인트,18.05,▲,2.78,0.1821,859319,178464,-64.46
소프트웨어및IT서비스,APPS,디지털 터빈,10.24,▲,0.98,0.1058,6585913,1235579,-31.03
소프트웨어및IT서비스,USIO,유시오,2.16,▲,0.18,0.0909,431869,59607,-24.0
소프트웨어및IT서비스,SSTI,사운드싱킹,8.3,▲,0.64,0.0836,211456,107517,-11.22
소프트웨어및IT서비스,AGYS,어질리시스,92.31,▲,5.94,0.0688,563253,2600059,67.38
소프트웨어및IT서비스,GDDY,고대디,81.33,▲,5.23,0.0687,3938363,10768905,13.08
소프트웨어및IT서비스,NTWK,넷솔 테크놀로지스,4.67,▲,0.3,0.0686,54156,55463,18.68
소프트웨어및IT서비스,VRNS,바로니스 시스템스,37.29,▲,2.26,0.0645,3859577,4281414,-33.0
소프트웨어및IT서비스,BLIN,브리지라인 디지털,1.095,▲,0.065,0.0631,490966,13797,-4.38
소프트웨어및IT서비스,SABR,세이버,1.86,▲,0.11,0.0629,6312346,735282,1.39
소프트웨어및IT서비스,TAOP,타오핑,1.455,▲,0.085,0.062,5764,13899,-0.18
컴퓨터및전자장비,BOXL,박스라잇,4.2,▲,0.64,0.1798,26859712,2801,-0.02
컴퓨터및전자장비,CBAT,CBAK 에너지 테크놀로지,0.7145,▲,0.066,0.1026,384174,63337,-7.15
컴퓨터및전자장비,GLW,코닝,213.4,▲,19.33,0.0996,19233832,183660149,116.61
컴퓨터및전자장비,SCKT,소켓 모바일,0.6256,▲,0.04,0.0689,172499,5156,-0.35
컴퓨터및전자장비,MEI,메소드 일렉트로닉스,14.32,▲,0.92,0.0687,865842,507363,-8.09
컴퓨터및전자장비,CLS,셀레스티카,375.13,▲,23.93,0.0681,2720381,43129821,52.39
컴퓨터및전자장비,IMTE,인티그레이티드 미디어 테크놀로지,0.538,▲,0.032,0.0651,20246,1854,-9.44
컴퓨터및전자장비,PAR,파 테크놀로지,16.36,▲,0.98,0.0637,1299376,674788,-7.83
컴퓨터및전자장비,WDC,웨스턴 디지털,713.0,▲,42.25,0.063,12214391,245758266,139.26
컴퓨터및전자장비,DSWL,데스웰 인더스트리,3.88,▲,0.205,0.0558,42795,61829,5.54
컴퓨터및전자장비,TACT,트랜스액트 테크놀로지스,5.34,▲,0.28,0.0553,25140,54875,-44.5
컴퓨터및전자장비,BMI,배저 미터,133.58,▲,5.77,0.0451,802443,3898612,27.89
통신장비,UTSI,UT스타컴 홀딩스,2.35,▲,0.15,0.0682,87349,22311,-2.7
통신장비,LITE,루멘텀 홀딩스,860.22,▲,32.3,0.039,4452726,66925116,2324.92
통신장비,CIEN,시에나,476.88,▲,17.03,0.037,2801981,67503795,561.04
통신장비,AAOI,어플라이드 옵토일렉트로닉스,152.76,▲,5.32,0.0361,10609896,12257890,-238.69
통신장비,MSI,모토로라 솔루션스,400.57,▲,11.13,0.0286,1204812,66493018,31.42
통신장비,NOK,노키아(ADR),14.06,▲,0.36,0.0263,91575318,78633536,101.22
통신장비,BKTI,BK 테크놀로지스,81.33,▲,2.01,0.0253,75533,304516,23.64
통신장비,ANET,아리스타 네트웍스,165.79,▲,3.59,0.0221,6350625,208762768,60.29
통신장비,HLIT,하모닉,14.96,▲,0.3,0.0205,1343234,1623100,-39.37
통신장비,ERIC,에릭슨 B(ADR),11.58,▲,0.2,0.0176,11714784,35569102,12.22
통신장비,BOSC,BOS 베터 온라인 솔루션스,4.52,▲,0.07,0.0157,49418,31865,7.93
통신장비,OCC,옵티컬 케이블,19.95,▲,0.15,0.0076,361380,176100,-110.83
유선및기타통신,OOMA,우마,18.49,▲,0.42,0.0232,336620,508475,80.39
유선및기타통신,ATNI,ATN 인터내셔널,27.15,▲,0.45,0.0169,77581,417591,-19.67
유선및기타통신,IDT,IDT,54.6,▲,0.53,0.0098,203307,1271863,18.14
유선및기타통신,ATEX,안테릭스,80.67,▲,0.69,0.0086,487037,1511183,-132.25
유선및기타통신,BCE,BCE,23.2,▲,0.16,0.0069,3856050,21634603,4.64
유선및기타통신,KT,KT(ADR),17.81,▲,0.03,0.0017,2217862,8587867,7.41
유선및기타통신,CHT,중화 텔레콤(ADR),44.51,▼,-0.62,-0.0137,187754,34528410,28.38
유선및기타통신,TLK,텔콤 인도네시아(ADR),14.23,▼,-0.2,-0.0139,1104266,14068798,13.44
유선및기타통신,T,에이티앤티,22.34,▼,-0.47,-0.0206,57297259,155225916,7.35
유선및기타통신,TEO,텔레콤 아르헨티나(ADR),12.74,▼,-0.29,-0.0223,688688,1600292,-0.03
유선및기타통신,TU,텔러스,11.23,▼,-0.26,-0.0226,6067961,17676020,21.26
유선및기타통신,BAND,밴드위스,51.5,▼,-1.23,-0.0233,1084546,1547920,-119.77
무선통신,PHI,피엘디티(ADR),18.45,▲,0.69,0.0389,239188,3986233,8.46
무선통신,SHEN,셰넌도어 텔레커뮤니케이션스,14.62,▲,0.48,0.0339,429725,808808,-20.59
무선통신,TIGO,밀리콤 인터내셔널 셀룰러,89.0,▲,1.14,0.013,1072956,14911149,11.32
무선통신,AMX,아메리카 모빌 L(ADR),25.99,▲,0.14,0.0054,1501889,79544994,16.59
무선통신,VEON,비언(ADR),51.56,▼,-0.19,-0.0037,63024,3570085,6.87
무선통신,TKC,투르크젤 을레티심 히즈메틀레리(ADR),6.0,▼,-0.04,-0.0066,3398914,5225862,13.32
무선통신,SKM,SK텔레콤(ADR),32.91,▼,-0.54,-0.0161,2540745,12510542,47.78
무선통신,VOD,보다폰 그룹(ADR),13.81,▼,-0.24,-0.0171,2860989,31799873,-72.08
무선통신,GOGO,고고,3.27,▼,-0.07,-0.021,2079758,442232,36.33
무선통신,TMUS,T 모바일 US,180.0,▼,-4.57,-0.0248,5542301,194796000,18.52
무선통신,SPOK,스폭 홀딩스,10.45,▼,-0.27,-0.0252,187079,218269,13.93
무선통신,RCI,로저스 커뮤니케이션스,35.48,▼,-1.09,-0.0298,889345,15223652,3.78
전기,KEP,한국전력(ADR),12.52,▲,0.51,0.0425,1298747,16074779,2.77
전기,PCG_pe,퍼시픽 가스 앤드 일렉트릭 우선주 E(5.00,18.5,▲,0.52,0.0289,335,17285,
전기,GNE,지니 에너지,14.63,▲,0.4,0.0281,111044,363254,16.26
전기,CIGc,이네르제치카 지 미나스 제라이스(ADR),3.09,▲,0.079,0.0263,580,2955900,8.76
전기,PCG_pg,퍼시픽 가스 앤드 일렉트릭 우선주 G(4.80,18.2599,▲,0.449,0.0252,5837,14481,
전기,POR,포틀랜드 제너럴 일렉트릭,52.08,▲,1.07,0.021,1851933,6027218,18.8
전기,PCG,퍼시픽 가스 앤드 일렉트릭,17.12,▲,0.35,0.0209,22711350,37702006,14.51
전기,MGEE,MGE 에너지,78.72,▲,1.45,0.0188,217832,2971404,21.16
전기,EIX,에디슨 인터내셔널,74.22,▲,1.28,0.0175,2260253,28559411,6.43
전기,PPL,피피엘,36.92,▲,0.63,0.0174,18673614,27776762,23.22
전기,HE,하와이언 일렉트릭 인더스트리스,13.32,▲,0.2,0.0152,1428773,2299512,18.76
전기,XEL,엑셀 에너지,81.47,▲,1.14,0.0142,4135812,50859277,23.82
가스,SR,스파이어,79.48,▲,1.09,0.0139,936188,4698603,18.19
가스,NWN,노스웨스트 내추럴 홀딩,50.53,▲,0.62,0.0124,459119,2126323,18.24
가스,ATO,애트모스 에너지,172.59,▲,1.5,0.0088,1343399,28808723,23.14
가스,NJR,뉴저지 리소시스,56.56,▲,0.35,0.0062,764219,5708148,16.98
가스,RGCO,RGC 리소시스,24.55,▲,0.11,0.0045,34255,255497,19.03
가스,CPK,체사피크 유틸리티스,122.04,▲,0.5,0.0041,220114,2929546,20.44
가스,OGS,원 가스,78.07,▲,0.08,0.001,701396,4899868,17.86
가스,SGU,스타 그룹,12.61,▼,-0.03,-0.0024,41214,414035,6.93
가스,SWX,사우스웨스트 가스 홀딩스,88.77,▼,-0.28,-0.0031,611669,6424720,14.6
가스,UGI,UGI 코퍼레이션,34.39,▼,-0.33,-0.0095,2035299,7373010,11.13
가스,NFG,내셔널 퓨얼 가스,76.25,▼,-0.82,-0.0106,607123,7246449,13.42
가스,SPH,서버번 프로판 파트너스,16.9,▼,-0.65,-0.037,263394,1121198,10.43
공익사업(기타),NRG,NRG 에너지,142.2,▲,4.54,0.033,3252327,30002209,35.46
공익사업(기타),PCYO,퓨어사이클,11.37,▲,0.32,0.029,65737,274061,21.06
공익사업(기타),UTL,유니틸,53.01,▲,1.27,0.0245,166804,953692,17.85
공익사업(기타),AWK,아메리칸 워터 웍스,129.64,▲,3.04,0.024,1927242,25316229,22.78
공익사업(기타),CWT,캘리포니아 워터 서비스 그룹,47.3,▲,1.02,0.022,505648,2831061,22.0
공익사업(기타),MSEX,미들섹스 워터,54.02,▲,1.16,0.0219,193569,1006085,22.89
공익사업(기타),ED,컨솔리데이티드 에디슨,110.72,▲,1.97,0.0181,3070364,40803642,19.63
공익사업(기타),MDU,MDU 리소시스 그룹,21.97,▲,0.38,0.0176,2061276,4591862,23.62
공익사업(기타),CMS,CMS 에너지,76.49,▲,1.16,0.0154,3771869,23629291,21.67
공익사업(기타),NGG,내셔널 그리드(ADR),82.83,▲,1.26,0.0154,2709307,82427612,18.81
공익사업(기타),AEE,애머런,113.32,▲,1.62,0.0145,1755384,31361537,21.18
공익사업(기타),WEC,WEC 에너지 그룹,115.61,▲,1.47,0.0129,2929854,37657183,24.04
